1,/home/hatice/PycharmProjects/newOpenface/mini/MelihGokcek/gok7.png
1,/home/hatice/PycharmProjects/newOpenface/mini/MelihGokcek/gok77.png
1,/home/hatice/PycharmProjects/newOpenface/mini/MelihGokcek/gok54.png
1,/home/hatice/PycharmProjects/newOpenface/mini/MelihGokcek/gok57.png
1,/home/hatice/PycharmProjects/newOpenface/mini/MelihGokcek/gok43.png
1,/home/hatice/PycharmProjects/newOpenface/mini/MelihGokcek/gok42.png
1,/home/hatice/PycharmProjects/newOpenface/mini/MelihGokcek/gok99.png
1,/home/hatice/PycharmProjects/newOpenface/mini/MelihGokcek/gok61.png
1,/home/hatice/PycharmProjects/newOpenface/mini/MelihGokcek/gok50.png
1,/home/hatice/PycharmProjects/newOpenface/mini/MelihGokcek/gok4.png
1,/home/hatice/PycharmProjects/newOpenface/mini/MelihGokcek/gok66.png
1,/home/hatice/PycharmProjects/newOpenface/mini/MelihGokcek/gok26.png
1,/home/hatice/PycharmProjects/newOpenface/mini/MelihGokcek/gok33.png
1,/home/hatice/PycharmProjects/newOpenface/mini/MelihGokcek/gok45.png
1,/home/hatice/PycharmProjects/newOpenface/mini/MelihGokcek/gok73.png
1,/home/hatice/PycharmProjects/newOpenface/mini/MelihGokcek/gok62.png
1,/home/hatice/PycharmProjects/newOpenface/mini/MelihGokcek/gok21.png
1,/home/hatice/PycharmProjects/newOpenface/mini/MelihGokcek/gok74.png
1,/home/hatice/PycharmProjects/newOpenface/mini/MelihGokcek/gok72.png
1,/home/hatice/PycharmProjects/newOpenface/mini/MelihGokcek/gok53.png
1,/home/hatice/PycharmProjects/newOpenface/mini/MelihGokcek/gok46.png
1,/home/hatice/PycharmProjects/newOpenface/mini/MelihGokcek/gok96.png
1,/home/hatice/PycharmProjects/newOpenface/mini/MelihGokcek/gok55.png
1,/home/hatice/PycharmProjects/newOpenface/mini/MelihGokcek/gok6.png
1,/home/hatice/PycharmProjects/newOpenface/mini/MelihGokcek/gok16.png
1,/home/hatice/PycharmProjects/newOpenface/mini/MelihGokcek/gok8.png
1,/home/hatice/PycharmProjects/newOpenface/mini/MelihGokcek/gok100.png
1,/home/hatice/PycharmProjects/newOpenface/mini/MelihGokcek/gok22.png
1,/home/hatice/PycharmProjects/newOpenface/mini/MelihGokcek/gok35.png
1,/home/hatice/PycharmProjects/newOpenface/mini/MelihGokcek/gok5.png
1,/home/hatice/PycharmProjects/newOpenface/mini/MelihGokcek/gok92.png
1,/home/hatice/PycharmProjects/newOpenface/mini/MelihGokcek/gok27.png
1,/home/hatice/PycharmProjects/newOpenface/mini/MelihGokcek/gok48.png
1,/home/hatice/PycharmProjects/newOpenface/mini/MelihGokcek/gok38.png
1,/home/hatice/PycharmProjects/newOpenface/mini/MelihGokcek/gok86.png
1,/home/hatice/PycharmProjects/newOpenface/mini/MelihGokcek/gok41.png
1,/home/hatice/PycharmProjects/newOpenface/mini/MelihGokcek/gok76.png
1,/home/hatice/PycharmProjects/newOpenface/mini/MelihGokcek/gok93.png
1,/home/hatice/PycharmProjects/newOpenface/mini/MelihGokcek/gok65.png
1,/home/hatice/PycharmProjects/newOpenface/mini/MelihGokcek/gok69.png
1,/home/hatice/PycharmProjects/newOpenface/mini/MelihGokcek/gok3.png
1,/home/hatice/PycharmProjects/newOpenface/mini/MelihGokcek/gok94.png
1,/home/hatice/PycharmProjects/newOpenface/mini/MelihGokcek/gok87.png
1,/home/hatice/PycharmProjects/newOpenface/mini/MelihGokcek/gok32.png
1,/home/hatice/PycharmProjects/newOpenface/mini/MelihGokcek/gok51.png
1,/home/hatice/PycharmProjects/newOpenface/mini/MelihGokcek/gok34.png
1,/home/hatice/PycharmProjects/newOpenface/mini/MelihGokcek/gok11.png
1,/home/hatice/PycharmProjects/newOpenface/mini/MelihGokcek/gok12.png
1,/home/hatice/PycharmProjects/newOpenface/mini/MelihGokcek/gok36.png
1,/home/hatice/PycharmProjects/newOpenface/mini/MelihGokcek/gok30.png
1,/home/hatice/PycharmProjects/newOpenface/mini/MelihGokcek/gok97.png
1,/home/hatice/PycharmProjects/newOpenface/mini/MelihGokcek/gok71.png
1,/home/hatice/PycharmProjects/newOpenface/mini/MelihGokcek/gok29.png
1,/home/hatice/PycharmProjects/newOpenface/mini/MelihGokcek/gok13.png
1,/home/hatice/PycharmProjects/newOpenface/mini/MelihGokcek/gok20.png
1,/home/hatice/PycharmProjects/newOpenface/mini/MelihGokcek/gok15.png
1,/home/hatice/PycharmProjects/newOpenface/mini/MelihGokcek/gok85.png
1,/home/hatice/PycharmProjects/newOpenface/mini/MelihGokcek/gok40.png
1,/home/hatice/PycharmProjects/newOpenface/mini/MelihGokcek/gok70.png
1,/home/hatice/PycharmProjects/newOpenface/mini/MelihGokcek/gok91.png
1,/home/hatice/PycharmProjects/newOpenface/mini/MelihGokcek/gok68.png
1,/home/hatice/PycharmProjects/newOpenface/mini/MelihGokcek/gok14.png
1,/home/hatice/PycharmProjects/newOpenface/mini/MelihGokcek/gok88.png
1,/home/hatice/PycharmProjects/newOpenface/mini/MelihGokcek/gok58.png
1,/home/hatice/PycharmProjects/newOpenface/mini/MelihGokcek/gok98.png
1,/home/hatice/PycharmProjects/newOpenface/mini/MelihGokcek/gok25.png
1,/home/hatice/PycharmProjects/newOpenface/mini/MelihGokcek/gok39.png
1,/home/hatice/PycharmProjects/newOpenface/mini/MelihGokcek/gok81.png
1,/home/hatice/PycharmProjects/newOpenface/mini/MelihGokcek/gok78.png
1,/home/hatice/PycharmProjects/newOpenface/mini/MelihGokcek/gok9.png
1,/home/hatice/PycharmProjects/newOpenface/mini/MelihGokcek/gok44.png
1,/home/hatice/PycharmProjects/newOpenface/mini/MelihGokcek/gok31.png
1,/home/hatice/PycharmProjects/newOpenface/mini/MelihGokcek/gok17.png
1,/home/hatice/PycharmProjects/newOpenface/mini/MelihGokcek/gok19.png
1,/home/hatice/PycharmProjects/newOpenface/mini/MelihGokcek/gok90.png
1,/home/hatice/PycharmProjects/newOpenface/mini/MelihGokcek/gok95.png
1,/home/hatice/PycharmProjects/newOpenface/mini/MelihGokcek/gok64.png
1,/home/hatice/PycharmProjects/newOpenface/mini/MelihGokcek/gok56.png
1,/home/hatice/PycharmProjects/newOpenface/mini/MelihGokcek/gok75.png
1,/home/hatice/PycharmProjects/newOpenface/mini/MelihGokcek/gok28.png
1,/home/hatice/PycharmProjects/newOpenface/mini/MelihGokcek/gok60.png
1,/home/hatice/PycharmProjects/newOpenface/mini/MelihGokcek/gok83.png
1,/home/hatice/PycharmProjects/newOpenface/mini/MelihGokcek/gok10.png
1,/home/hatice/PycharmProjects/newOpenface/mini/MelihGokcek/gok1.png
1,/home/hatice/PycharmProjects/newOpenface/mini/MelihGokcek/gok18.png
1,/home/hatice/PycharmProjects/newOpenface/mini/MelihGokcek/gok2.png
1,/home/hatice/PycharmProjects/newOpenface/mini/MelihGokcek/gok82.png
1,/home/hatice/PycharmProjects/newOpenface/mini/MelihGokcek/gok80.png
1,/home/hatice/PycharmProjects/newOpenface/mini/MelihGokcek/gok79.png
1,/home/hatice/PycharmProjects/newOpenface/mini/MelihGokcek/gok37.png
1,/home/hatice/PycharmProjects/newOpenface/mini/MelihGokcek/gok49.png
1,/home/hatice/PycharmProjects/newOpenface/mini/MelihGokcek/gok52.png
1,/home/hatice/PycharmProjects/newOpenface/mini/MelihGokcek/gok24.png
1,/home/hatice/PycharmProjects/newOpenface/mini/MelihGokcek/gok67.png
1,/home/hatice/PycharmProjects/newOpenface/mini/MelihGokcek/gok63.png
1,/home/hatice/PycharmProjects/newOpenface/mini/MelihGokcek/gok23.png
1,/home/hatice/PycharmProjects/newOpenface/mini/MelihGokcek/gok59.png
1,/home/hatice/PycharmProjects/newOpenface/mini/MelihGokcek/gok89.png
2,/home/hatice/PycharmProjects/newOpenface/mini/Ataturk/ata100.png
2,/home/hatice/PycharmProjects/newOpenface/mini/Ataturk/ata52.png
2,/home/hatice/PycharmProjects/newOpenface/mini/Ataturk/ata37.png
2,/home/hatice/PycharmProjects/newOpenface/mini/Ataturk/ata21.png
2,/home/hatice/PycharmProjects/newOpenface/mini/Ataturk/ata71.png
2,/home/hatice/PycharmProjects/newOpenface/mini/Ataturk/ata91.png
2,/home/hatice/PycharmProjects/newOpenface/mini/Ataturk/ata76.png
2,/home/hatice/PycharmProjects/newOpenface/mini/Ataturk/ata34.png
2,/home/hatice/PycharmProjects/newOpenface/mini/Ataturk/ata77.png
2,/home/hatice/PycharmProjects/newOpenface/mini/Ataturk/ata19.png
2,/home/hatice/PycharmProjects/newOpenface/mini/Ataturk/ata59.png
2,/home/hatice/PycharmProjects/newOpenface/mini/Ataturk/ata68.png
2,/home/hatice/PycharmProjects/newOpenface/mini/Ataturk/ata96.png
2,/home/hatice/PycharmProjects/newOpenface/mini/Ataturk/ata89.png
2,/home/hatice/PycharmProjects/newOpenface/mini/Ataturk/ata72.png
2,/home/hatice/PycharmProjects/newOpenface/mini/Ataturk/ata33.png
2,/home/hatice/PycharmProjects/newOpenface/mini/Ataturk/ata92.png
2,/home/hatice/PycharmProjects/newOpenface/mini/Ataturk/ata50.png
2,/home/hatice/PycharmProjects/newOpenface/mini/Ataturk/ata65.png
2,/home/hatice/PycharmProjects/newOpenface/mini/Ataturk/ata28.png
2,/home/hatice/PycharmProjects/newOpenface/mini/Ataturk/ata26.png
2,/home/hatice/PycharmProjects/newOpenface/mini/Ataturk/ata73.png
2,/home/hatice/PycharmProjects/newOpenface/mini/Ataturk/ata23.png
2,/home/hatice/PycharmProjects/newOpenface/mini/Ataturk/ata51.png
2,/home/hatice/PycharmProjects/newOpenface/mini/Ataturk/ata10.png
2,/home/hatice/PycharmProjects/newOpenface/mini/Ataturk/ata55.png
2,/home/hatice/PycharmProjects/newOpenface/mini/Ataturk/ata78.png
2,/home/hatice/PycharmProjects/newOpenface/mini/Ataturk/ata82.png
2,/home/hatice/PycharmProjects/newOpenface/mini/Ataturk/ata48.png
2,/home/hatice/PycharmProjects/newOpenface/mini/Ataturk/ata62.png
2,/home/hatice/PycharmProjects/newOpenface/mini/Ataturk/ata80.png
2,/home/hatice/PycharmProjects/newOpenface/mini/Ataturk/ata70.png
2,/home/hatice/PycharmProjects/newOpenface/mini/Ataturk/ata54.png
2,/home/hatice/PycharmProjects/newOpenface/mini/Ataturk/ata47.png
2,/home/hatice/PycharmProjects/newOpenface/mini/Ataturk/ata69.png
2,/home/hatice/PycharmProjects/newOpenface/mini/Ataturk/ata2.png
2,/home/hatice/PycharmProjects/newOpenface/mini/Ataturk/ata11.png
2,/home/hatice/PycharmProjects/newOpenface/mini/Ataturk/ata86.png
2,/home/hatice/PycharmProjects/newOpenface/mini/Ataturk/ata30.png
2,/home/hatice/PycharmProjects/newOpenface/mini/Ataturk/ata25.png
2,/home/hatice/PycharmProjects/newOpenface/mini/Ataturk/ata42.png
2,/home/hatice/PycharmProjects/newOpenface/mini/Ataturk/ata46.png
2,/home/hatice/PycharmProjects/newOpenface/mini/Ataturk/ata44.png
2,/home/hatice/PycharmProjects/newOpenface/mini/Ataturk/ata45.png
2,/home/hatice/PycharmProjects/newOpenface/mini/Ataturk/ata88.png
2,/home/hatice/PycharmProjects/newOpenface/mini/Ataturk/ata74.png
2,/home/hatice/PycharmProjects/newOpenface/mini/Ataturk/ata1.png
2,/home/hatice/PycharmProjects/newOpenface/mini/Ataturk/ata85.png
2,/home/hatice/PycharmProjects/newOpenface/mini/Ataturk/ata87.png
2,/home/hatice/PycharmProjects/newOpenface/mini/Ataturk/ata6.png
2,/home/hatice/PycharmProjects/newOpenface/mini/Ataturk/ata99.png
2,/home/hatice/PycharmProjects/newOpenface/mini/Ataturk/ata36.png
2,/home/hatice/PycharmProjects/newOpenface/mini/Ataturk/ata39.png
2,/home/hatice/PycharmProjects/newOpenface/mini/Ataturk/ata40.png
2,/home/hatice/PycharmProjects/newOpenface/mini/Ataturk/ata29.png
2,/home/hatice/PycharmProjects/newOpenface/mini/Ataturk/ata81.png
2,/home/hatice/PycharmProjects/newOpenface/mini/Ataturk/ata7.png
2,/home/hatice/PycharmProjects/newOpenface/mini/Ataturk/ata49.png
2,/home/hatice/PycharmProjects/newOpenface/mini/Ataturk/ata13.png
2,/home/hatice/PycharmProjects/newOpenface/mini/Ataturk/ata18.png
2,/home/hatice/PycharmProjects/newOpenface/mini/Ataturk/ata32.png
2,/home/hatice/PycharmProjects/newOpenface/mini/Ataturk/ata93.png
2,/home/hatice/PycharmProjects/newOpenface/mini/Ataturk/ata61.png
2,/home/hatice/PycharmProjects/newOpenface/mini/Ataturk/ata16.png
2,/home/hatice/PycharmProjects/newOpenface/mini/Ataturk/ata53.png
2,/home/hatice/PycharmProjects/newOpenface/mini/Ataturk/ata95.png
2,/home/hatice/PycharmProjects/newOpenface/mini/Ataturk/ata4.png
2,/home/hatice/PycharmProjects/newOpenface/mini/Ataturk/ata38.png
2,/home/hatice/PycharmProjects/newOpenface/mini/Ataturk/ata3.png
2,/home/hatice/PycharmProjects/newOpenface/mini/Ataturk/ata22.png
2,/home/hatice/PycharmProjects/newOpenface/mini/Ataturk/ata17.png
2,/home/hatice/PycharmProjects/newOpenface/mini/Ataturk/ata43.png
2,/home/hatice/PycharmProjects/newOpenface/mini/Ataturk/ata14.png
2,/home/hatice/PycharmProjects/newOpenface/mini/Ataturk/ata24.png
2,/home/hatice/PycharmProjects/newOpenface/mini/Ataturk/ata9.png
2,/home/hatice/PycharmProjects/newOpenface/mini/Ataturk/ata5.png
2,/home/hatice/PycharmProjects/newOpenface/mini/Ataturk/ata63.png
2,/home/hatice/PycharmProjects/newOpenface/mini/Ataturk/ata20.png
2,/home/hatice/PycharmProjects/newOpenface/mini/Ataturk/ata35.png
2,/home/hatice/PycharmProjects/newOpenface/mini/Ataturk/ata41.png
2,/home/hatice/PycharmProjects/newOpenface/mini/Ataturk/ata64.png
2,/home/hatice/PycharmProjects/newOpenface/mini/Ataturk/ata75.png
2,/home/hatice/PycharmProjects/newOpenface/mini/Ataturk/ata97.png
2,/home/hatice/PycharmProjects/newOpenface/mini/Ataturk/ata57.png
2,/home/hatice/PycharmProjects/newOpenface/mini/Ataturk/ata15.png
3,/home/hatice/PycharmProjects/newOpenface/mini/Erdogan/rte67.png
3,/home/hatice/PycharmProjects/newOpenface/mini/Erdogan/rte40.png
3,/home/hatice/PycharmProjects/newOpenface/mini/Erdogan/rte25.png
3,/home/hatice/PycharmProjects/newOpenface/mini/Erdogan/rte38.png
3,/home/hatice/PycharmProjects/newOpenface/mini/Erdogan/rte64.png
3,/home/hatice/PycharmProjects/newOpenface/mini/Erdogan/rte84.png
3,/home/hatice/PycharmProjects/newOpenface/mini/Erdogan/rte65.png
3,/home/hatice/PycharmProjects/newOpenface/mini/Erdogan/rte54.png
3,/home/hatice/PycharmProjects/newOpenface/mini/Erdogan/rte43.png
3,/home/hatice/PycharmProjects/newOpenface/mini/Erdogan/rte87.png
3,/home/hatice/PycharmProjects/newOpenface/mini/Erdogan/rte72.png
3,/home/hatice/PycharmProjects/newOpenface/mini/Erdogan/rte22.png
3,/home/hatice/PycharmProjects/newOpenface/mini/Erdogan/rte44.png
3,/home/hatice/PycharmProjects/newOpenface/mini/Erdogan/rte63.png
3,/home/hatice/PycharmProjects/newOpenface/mini/Erdogan/rte12.png
3,/home/hatice/PycharmProjects/newOpenface/mini/Erdogan/rte19.png
3,/home/hatice/PycharmProjects/newOpenface/mini/Erdogan/rte.png
3,/home/hatice/PycharmProjects/newOpenface/mini/Erdogan/rte93.png
3,/home/hatice/PycharmProjects/newOpenface/mini/Erdogan/rte46.png
3,/home/hatice/PycharmProjects/newOpenface/mini/Erdogan/rte18.png
3,/home/hatice/PycharmProjects/newOpenface/mini/Erdogan/rte58.png
3,/home/hatice/PycharmProjects/newOpenface/mini/Erdogan/rte7.png
3,/home/hatice/PycharmProjects/newOpenface/mini/Erdogan/rte68.png
3,/home/hatice/PycharmProjects/newOpenface/mini/Erdogan/rte94.png
3,/home/hatice/PycharmProjects/newOpenface/mini/Erdogan/rte5.png
3,/home/hatice/PycharmProjects/newOpenface/mini/Erdogan/rte2.png
3,/home/hatice/PycharmProjects/newOpenface/mini/Erdogan/rte92.png
3,/home/hatice/PycharmProjects/newOpenface/mini/Erdogan/rte56.png
3,/home/hatice/PycharmProjects/newOpenface/mini/Erdogan/rte33.png
3,/home/hatice/PycharmProjects/newOpenface/mini/Erdogan/rte75.png
3,/home/hatice/PycharmProjects/newOpenface/mini/Erdogan/rte14.png
3,/home/hatice/PycharmProjects/newOpenface/mini/Erdogan/rte32.png
3,/home/hatice/PycharmProjects/newOpenface/mini/Erdogan/rte95.png
3,/home/hatice/PycharmProjects/newOpenface/mini/Erdogan/rte97.png
3,/home/hatice/PycharmProjects/newOpenface/mini/Erdogan/rte77.png
3,/home/hatice/PycharmProjects/newOpenface/mini/Erdogan/rte9.png
3,/home/hatice/PycharmProjects/newOpenface/mini/Erdogan/rte6.png
3,/home/hatice/PycharmProjects/newOpenface/mini/Erdogan/rte13.png
3,/home/hatice/PycharmProjects/newOpenface/mini/Erdogan/rte71.png
3,/home/hatice/PycharmProjects/newOpenface/mini/Erdogan/rte60.png
3,/home/hatice/PycharmProjects/newOpenface/mini/Erdogan/rte53.png
3,/home/hatice/PycharmProjects/newOpenface/mini/Erdogan/rte20.png
3,/home/hatice/PycharmProjects/newOpenface/mini/Erdogan/rte26.png
3,/home/hatice/PycharmProjects/newOpenface/mini/Erdogan/rte39.png
3,/home/hatice/PycharmProjects/newOpenface/mini/Erdogan/rte91.png
3,/home/hatice/PycharmProjects/newOpenface/mini/Erdogan/rte96.png
3,/home/hatice/PycharmProjects/newOpenface/mini/Erdogan/rte48.png
3,/home/hatice/PycharmProjects/newOpenface/mini/Erdogan/rte62.png
3,/home/hatice/PycharmProjects/newOpenface/mini/Erdogan/rte28.png
3,/home/hatice/PycharmProjects/newOpenface/mini/Erdogan/rte78.png
3,/home/hatice/PycharmProjects/newOpenface/mini/Erdogan/rte31.png
3,/home/hatice/PycharmProjects/newOpenface/mini/Erdogan/rte45.png
3,/home/hatice/PycharmProjects/newOpenface/mini/Erdogan/rte42.png
3,/home/hatice/PycharmProjects/newOpenface/mini/Erdogan/rte17.png
3,/home/hatice/PycharmProjects/newOpenface/mini/Erdogan/rte79.png
3,/home/hatice/PycharmProjects/newOpenface/mini/Erdogan/rte16.png
3,/home/hatice/PycharmProjects/newOpenface/mini/Erdogan/rte34.png
3,/home/hatice/PycharmProjects/newOpenface/mini/Erdogan/rte59.png
3,/home/hatice/PycharmProjects/newOpenface/mini/Erdogan/rte61.png
3,/home/hatice/PycharmProjects/newOpenface/mini/Erdogan/rte74.png
3,/home/hatice/PycharmProjects/newOpenface/mini/Erdogan/rte100.png
3,/home/hatice/PycharmProjects/newOpenface/mini/Erdogan/rte70.png
3,/home/hatice/PycharmProjects/newOpenface/mini/Erdogan/rte57.png
3,/home/hatice/PycharmProjects/newOpenface/mini/Erdogan/rte3.png
3,/home/hatice/PycharmProjects/newOpenface/mini/Erdogan/rte82.png
3,/home/hatice/PycharmProjects/newOpenface/mini/Erdogan/rte66.png
3,/home/hatice/PycharmProjects/newOpenface/mini/Erdogan/rte11.png
3,/home/hatice/PycharmProjects/newOpenface/mini/Erdogan/rte24.png
3,/home/hatice/PycharmProjects/newOpenface/mini/Erdogan/rte10.png
3,/home/hatice/PycharmProjects/newOpenface/mini/Erdogan/rte90.png
3,/home/hatice/PycharmProjects/newOpenface/mini/Erdogan/rte30.png
3,/home/hatice/PycharmProjects/newOpenface/mini/Erdogan/rte76.png
3,/home/hatice/PycharmProjects/newOpenface/mini/Erdogan/rte15.png
3,/home/hatice/PycharmProjects/newOpenface/mini/Erdogan/rte69.png
3,/home/hatice/PycharmProjects/newOpenface/mini/Erdogan/rte81.png
3,/home/hatice/PycharmProjects/newOpenface/mini/Erdogan/rte85.png
3,/home/hatice/PycharmProjects/newOpenface/mini/Erdogan/rte47.png
3,/home/hatice/PycharmProjects/newOpenface/mini/Erdogan/rte8.png
3,/home/hatice/PycharmProjects/newOpenface/mini/Erdogan/rte21.png
3,/home/hatice/PycharmProjects/newOpenface/mini/Erdogan/rte51.png
3,/home/hatice/PycharmProjects/newOpenface/mini/Erdogan/rte83.png
3,/home/hatice/PycharmProjects/newOpenface/mini/Erdogan/rte52.png
3,/home/hatice/PycharmProjects/newOpenface/mini/Erdogan/rte41.png
3,/home/hatice/PycharmProjects/newOpenface/mini/Erdogan/rte55.png
3,/home/hatice/PycharmProjects/newOpenface/mini/Erdogan/rte98.png
3,/home/hatice/PycharmProjects/newOpenface/mini/Erdogan/rte73.png
3,/home/hatice/PycharmProjects/newOpenface/mini/Erdogan/rte89.png
3,/home/hatice/PycharmProjects/newOpenface/mini/Erdogan/rte80.png
3,/home/hatice/PycharmProjects/newOpenface/mini/Erdogan/rte86.png
3,/home/hatice/PycharmProjects/newOpenface/mini/Erdogan/rte35.png
3,/home/hatice/PycharmProjects/newOpenface/mini/Erdogan/rte50.png
3,/home/hatice/PycharmProjects/newOpenface/mini/Erdogan/rte23.png
4,/home/hatice/PycharmProjects/newOpenface/mini/Gulen/fet40.png
4,/home/hatice/PycharmProjects/newOpenface/mini/Gulen/fet66.png
4,/home/hatice/PycharmProjects/newOpenface/mini/Gulen/fet67.png
4,/home/hatice/PycharmProjects/newOpenface/mini/Gulen/fet69.png
4,/home/hatice/PycharmProjects/newOpenface/mini/Gulen/fet50.png
4,/home/hatice/PycharmProjects/newOpenface/mini/Gulen/fet8.png
4,/home/hatice/PycharmProjects/newOpenface/mini/Gulen/fet2.png
4,/home/hatice/PycharmProjects/newOpenface/mini/Gulen/fet28.png
4,/home/hatice/PycharmProjects/newOpenface/mini/Gulen/fet22.png
4,/home/hatice/PycharmProjects/newOpenface/mini/Gulen/fet48.png
4,/home/hatice/PycharmProjects/newOpenface/mini/Gulen/fet51.png
4,/home/hatice/PycharmProjects/newOpenface/mini/Gulen/fet23.png
4,/home/hatice/PycharmProjects/newOpenface/mini/Gulen/fet27.png
4,/home/hatice/PycharmProjects/newOpenface/mini/Gulen/fet78.png
4,/home/hatice/PycharmProjects/newOpenface/mini/Gulen/fet41.png
4,/home/hatice/PycharmProjects/newOpenface/mini/Gulen/fet7.png
4,/home/hatice/PycharmProjects/newOpenface/mini/Gulen/fet68.png
4,/home/hatice/PycharmProjects/newOpenface/mini/Gulen/fet25.png
4,/home/hatice/PycharmProjects/newOpenface/mini/Gulen/fet39.png
4,/home/hatice/PycharmProjects/newOpenface/mini/Gulen/fet33.png
4,/home/hatice/PycharmProjects/newOpenface/mini/Gulen/fet34.png
4,/home/hatice/PycharmProjects/newOpenface/mini/Gulen/fet91.png
4,/home/hatice/PycharmProjects/newOpenface/mini/Gulen/fet14.png
4,/home/hatice/PycharmProjects/newOpenface/mini/Gulen/fet5.png
4,/home/hatice/PycharmProjects/newOpenface/mini/Gulen/fet86.png
4,/home/hatice/PycharmProjects/newOpenface/mini/Gulen/fet99.png
4,/home/hatice/PycharmProjects/newOpenface/mini/Gulen/fet16.png
4,/home/hatice/PycharmProjects/newOpenface/mini/Gulen/fet84.png
4,/home/hatice/PycharmProjects/newOpenface/mini/Gulen/fet80.png
4,/home/hatice/PycharmProjects/newOpenface/mini/Gulen/fet9.png
4,/home/hatice/PycharmProjects/newOpenface/mini/Gulen/fet19.png
4,/home/hatice/PycharmProjects/newOpenface/mini/Gulen/fet59.png
4,/home/hatice/PycharmProjects/newOpenface/mini/Gulen/fet100.png
4,/home/hatice/PycharmProjects/newOpenface/mini/Gulen/fet60.png
4,/home/hatice/PycharmProjects/newOpenface/mini/Gulen/fet71.png
4,/home/hatice/PycharmProjects/newOpenface/mini/Gulen/fet70.png
4,/home/hatice/PycharmProjects/newOpenface/mini/Gulen/fet97.png
4,/home/hatice/PycharmProjects/newOpenface/mini/Gulen/fet56.png
4,/home/hatice/PycharmProjects/newOpenface/mini/Gulen/fet10.png
4,/home/hatice/PycharmProjects/newOpenface/mini/Gulen/fet55.png
4,/home/hatice/PycharmProjects/newOpenface/mini/Gulen/fet63.png
4,/home/hatice/PycharmProjects/newOpenface/mini/Gulen/fet95.png
4,/home/hatice/PycharmProjects/newOpenface/mini/Gulen/fet98.png
4,/home/hatice/PycharmProjects/newOpenface/mini/Gulen/fet29.png
4,/home/hatice/PycharmProjects/newOpenface/mini/Gulen/fet93.png
4,/home/hatice/PycharmProjects/newOpenface/mini/Gulen/fet79.png
4,/home/hatice/PycharmProjects/newOpenface/mini/Gulen/fet45.png
4,/home/hatice/PycharmProjects/newOpenface/mini/Gulen/fet44.png
4,/home/hatice/PycharmProjects/newOpenface/mini/Gulen/fet94.png
4,/home/hatice/PycharmProjects/newOpenface/mini/Gulen/fet43.png
4,/home/hatice/PycharmProjects/newOpenface/mini/Gulen/fet3.png
4,/home/hatice/PycharmProjects/newOpenface/mini/Gulen/fet31.png
4,/home/hatice/PycharmProjects/newOpenface/mini/Gulen/fet72.png
4,/home/hatice/PycharmProjects/newOpenface/mini/Gulen/fet77.png
4,/home/hatice/PycharmProjects/newOpenface/mini/Gulen/fet73.png
4,/home/hatice/PycharmProjects/newOpenface/mini/Gulen/fet49.png
4,/home/hatice/PycharmProjects/newOpenface/mini/Gulen/fet81.png
4,/home/hatice/PycharmProjects/newOpenface/mini/Gulen/fet92.png
4,/home/hatice/PycharmProjects/newOpenface/mini/Gulen/fet38.png
4,/home/hatice/PycharmProjects/newOpenface/mini/Gulen/fet18.png
4,/home/hatice/PycharmProjects/newOpenface/mini/Gulen/fet6.png
4,/home/hatice/PycharmProjects/newOpenface/mini/Gulen/fet26.png
4,/home/hatice/PycharmProjects/newOpenface/mini/Gulen/fet53.png
4,/home/hatice/PycharmProjects/newOpenface/mini/Gulen/fet89.png
4,/home/hatice/PycharmProjects/newOpenface/mini/Gulen/fet57.png
4,/home/hatice/PycharmProjects/newOpenface/mini/Gulen/fet24.png
4,/home/hatice/PycharmProjects/newOpenface/mini/Gulen/fet47.png
4,/home/hatice/PycharmProjects/newOpenface/mini/Gulen/fet54.png
4,/home/hatice/PycharmProjects/newOpenface/mini/Gulen/fet52.png
4,/home/hatice/PycharmProjects/newOpenface/mini/Gulen/fet1.png
4,/home/hatice/PycharmProjects/newOpenface/mini/Gulen/fet42.png
4,/home/hatice/PycharmProjects/newOpenface/mini/Gulen/fet46.png
4,/home/hatice/PycharmProjects/newOpenface/mini/Gulen/fet15.png
4,/home/hatice/PycharmProjects/newOpenface/mini/Gulen/fet17.png
4,/home/hatice/PycharmProjects/newOpenface/mini/Gulen/fet37.png
4,/home/hatice/PycharmProjects/newOpenface/mini/Gulen/fet83.png
4,/home/hatice/PycharmProjects/newOpenface/mini/Gulen/fet62.png
4,/home/hatice/PycharmProjects/newOpenface/mini/Gulen/fet82.png
4,/home/hatice/PycharmProjects/newOpenface/mini/Gulen/fet12.png
4,/home/hatice/PycharmProjects/newOpenface/mini/Gulen/fet96.png
4,/home/hatice/PycharmProjects/newOpenface/mini/Gulen/fet58.png
4,/home/hatice/PycharmProjects/newOpenface/mini/Gulen/fet30.png
4,/home/hatice/PycharmProjects/newOpenface/mini/Gulen/fet11.png
4,/home/hatice/PycharmProjects/newOpenface/mini/Gulen/fet88.png
4,/home/hatice/PycharmProjects/newOpenface/mini/Gulen/fet64.png
4,/home/hatice/PycharmProjects/newOpenface/mini/Gulen/fet75.png
4,/home/hatice/PycharmProjects/newOpenface/mini/Gulen/fet85.png
4,/home/hatice/PycharmProjects/newOpenface/mini/Gulen/fet20.png
4,/home/hatice/PycharmProjects/newOpenface/mini/Gulen/fet4.png
4,/home/hatice/PycharmProjects/newOpenface/mini/Gulen/fet32.png
4,/home/hatice/PycharmProjects/newOpenface/mini/Gulen/fet35.png
4,/home/hatice/PycharmProjects/newOpenface/mini/Gulen/fet21.png
4,/home/hatice/PycharmProjects/newOpenface/mini/Gulen/fet74.png
5,/home/hatice/PycharmProjects/newOpenface/mini/Barzani/brz8.png
5,/home/hatice/PycharmProjects/newOpenface/mini/Barzani/brz23.png
5,/home/hatice/PycharmProjects/newOpenface/mini/Barzani/brz50.png
5,/home/hatice/PycharmProjects/newOpenface/mini/Barzani/brz37.png
5,/home/hatice/PycharmProjects/newOpenface/mini/Barzani/brz31.png
5,/home/hatice/PycharmProjects/newOpenface/mini/Barzani/brz1.png
5,/home/hatice/PycharmProjects/newOpenface/mini/Barzani/brz55.png
5,/home/hatice/PycharmProjects/newOpenface/mini/Barzani/brz73.png
5,/home/hatice/PycharmProjects/newOpenface/mini/Barzani/brz21.png
5,/home/hatice/PycharmProjects/newOpenface/mini/Barzani/brz44.png
5,/home/hatice/PycharmProjects/newOpenface/mini/Barzani/brz6.png
5,/home/hatice/PycharmProjects/newOpenface/mini/Barzani/brz46.png
5,/home/hatice/PycharmProjects/newOpenface/mini/Barzani/brz2.png
5,/home/hatice/PycharmProjects/newOpenface/mini/Barzani/brz53.png
5,/home/hatice/PycharmProjects/newOpenface/mini/Barzani/brz75.png
5,/home/hatice/PycharmProjects/newOpenface/mini/Barzani/brz7.png
5,/home/hatice/PycharmProjects/newOpenface/mini/Barzani/brz43.png
5,/home/hatice/PycharmProjects/newOpenface/mini/Barzani/brz18.png
5,/home/hatice/PycharmProjects/newOpenface/mini/Barzani/brz48.png
5,/home/hatice/PycharmProjects/newOpenface/mini/Barzani/brz65.png
5,/home/hatice/PycharmProjects/newOpenface/mini/Barzani/brz92.png
5,/home/hatice/PycharmProjects/newOpenface/mini/Barzani/brz19.png
5,/home/hatice/PycharmProjects/newOpenface/mini/Barzani/brz29.png
5,/home/hatice/PycharmProjects/newOpenface/mini/Barzani/brz33.png
5,/home/hatice/PycharmProjects/newOpenface/mini/Barzani/brz11.png
5,/home/hatice/PycharmProjects/newOpenface/mini/Barzani/brz30.png
5,/home/hatice/PycharmProjects/newOpenface/mini/Barzani/brz67.png
5,/home/hatice/PycharmProjects/newOpenface/mini/Barzani/brz3.png
5,/home/hatice/PycharmProjects/newOpenface/mini/Barzani/brz95.png
5,/home/hatice/PycharmProjects/newOpenface/mini/Barzani/brz13.png
5,/home/hatice/PycharmProjects/newOpenface/mini/Barzani/brz51.png
5,/home/hatice/PycharmProjects/newOpenface/mini/Barzani/brz38.png
5,/home/hatice/PycharmProjects/newOpenface/mini/Barzani/brz66.png
5,/home/hatice/PycharmProjects/newOpenface/mini/Barzani/brz36.png
5,/home/hatice/PycharmProjects/newOpenface/mini/Barzani/brz71.png
5,/home/hatice/PycharmProjects/newOpenface/mini/Barzani/brz89.png
5,/home/hatice/PycharmProjects/newOpenface/mini/Barzani/brz72.png
5,/home/hatice/PycharmProjects/newOpenface/mini/Barzani/brz12.png
5,/home/hatice/PycharmProjects/newOpenface/mini/Barzani/brz88.png
5,/home/hatice/PycharmProjects/newOpenface/mini/Barzani/brz81.png
5,/home/hatice/PycharmProjects/newOpenface/mini/Barzani/brz24.png
5,/home/hatice/PycharmProjects/newOpenface/mini/Barzani/brz87.png
5,/home/hatice/PycharmProjects/newOpenface/mini/Barzani/brz80.png
5,/home/hatice/PycharmProjects/newOpenface/mini/Barzani/brz61.png
5,/home/hatice/PycharmProjects/newOpenface/mini/Barzani/brz17.png
5,/home/hatice/PycharmProjects/newOpenface/mini/Barzani/brz77.png
5,/home/hatice/PycharmProjects/newOpenface/mini/Barzani/brz62.png
5,/home/hatice/PycharmProjects/newOpenface/mini/Barzani/brz49.png
5,/home/hatice/PycharmProjects/newOpenface/mini/Barzani/brz91.png
5,/home/hatice/PycharmProjects/newOpenface/mini/Barzani/brz41.png
5,/home/hatice/PycharmProjects/newOpenface/mini/Barzani/brz64.png
5,/home/hatice/PycharmProjects/newOpenface/mini/Barzani/brz32.png
5,/home/hatice/PycharmProjects/newOpenface/mini/Barzani/brz52.png
5,/home/hatice/PycharmProjects/newOpenface/mini/Barzani/brz57.png
5,/home/hatice/PycharmProjects/newOpenface/mini/Barzani/brz96.png
5,/home/hatice/PycharmProjects/newOpenface/mini/Barzani/brz42.png
5,/home/hatice/PycharmProjects/newOpenface/mini/Barzani/brz86.png
5,/home/hatice/PycharmProjects/newOpenface/mini/Barzani/brz22.png
5,/home/hatice/PycharmProjects/newOpenface/mini/Barzani/brz93.png
5,/home/hatice/PycharmProjects/newOpenface/mini/Barzani/brz63.png
5,/home/hatice/PycharmProjects/newOpenface/mini/Barzani/brz25.png
5,/home/hatice/PycharmProjects/newOpenface/mini/Barzani/brz5.png
5,/home/hatice/PycharmProjects/newOpenface/mini/Barzani/brz76.png
5,/home/hatice/PycharmProjects/newOpenface/mini/Barzani/brz100.png
5,/home/hatice/PycharmProjects/newOpenface/mini/Barzani/brz27.png
5,/home/hatice/PycharmProjects/newOpenface/mini/Barzani/brz40.png
5,/home/hatice/PycharmProjects/newOpenface/mini/Barzani/brz26.png
5,/home/hatice/PycharmProjects/newOpenface/mini/Barzani/brz68.png
5,/home/hatice/PycharmProjects/newOpenface/mini/Barzani/brz69.png
5,/home/hatice/PycharmProjects/newOpenface/mini/Barzani/brz82.png
5,/home/hatice/PycharmProjects/newOpenface/mini/Barzani/brz59.png
5,/home/hatice/PycharmProjects/newOpenface/mini/Barzani/brz94.png
5,/home/hatice/PycharmProjects/newOpenface/mini/Barzani/brz78.png
5,/home/hatice/PycharmProjects/newOpenface/mini/Barzani/brz39.png
5,/home/hatice/PycharmProjects/newOpenface/mini/Barzani/brz99.png
5,/home/hatice/PycharmProjects/newOpenface/mini/Barzani/brz9.png
5,/home/hatice/PycharmProjects/newOpenface/mini/Barzani/brz4.png
5,/home/hatice/PycharmProjects/newOpenface/mini/Barzani/brz34.png
5,/home/hatice/PycharmProjects/newOpenface/mini/Barzani/brz15.png
5,/home/hatice/PycharmProjects/newOpenface/mini/Barzani/brz83.png
5,/home/hatice/PycharmProjects/newOpenface/mini/Barzani/brz10.png
5,/home/hatice/PycharmProjects/newOpenface/mini/Barzani/brz28.png
5,/home/hatice/PycharmProjects/newOpenface/mini/Barzani/brz14.png
5,/home/hatice/PycharmProjects/newOpenface/mini/Barzani/brz90.png
5,/home/hatice/PycharmProjects/newOpenface/mini/Barzani/brz84.png
5,/home/hatice/PycharmProjects/newOpenface/mini/Barzani/brz20.png
5,/home/hatice/PycharmProjects/newOpenface/mini/Barzani/brz58.png
5,/home/hatice/PycharmProjects/newOpenface/mini/Barzani/brz97.png
5,/home/hatice/PycharmProjects/newOpenface/mini/Barzani/brz54.png
5,/home/hatice/PycharmProjects/newOpenface/mini/Barzani/brz16.png
5,/home/hatice/PycharmProjects/newOpenface/mini/Barzani/brz60.png
5,/home/hatice/PycharmProjects/newOpenface/mini/Barzani/brz45.png
5,/home/hatice/PycharmProjects/newOpenface/mini/Barzani/brz47.png
5,/home/hatice/PycharmProjects/newOpenface/mini/Barzani/brz70.png
5,/home/hatice/PycharmProjects/newOpenface/mini/Barzani/brz74.png
5,/home/hatice/PycharmProjects/newOpenface/mini/Barzani/brz79.png
5,/home/hatice/PycharmProjects/newOpenface/mini/Barzani/brz98.png
5,/home/hatice/PycharmProjects/newOpenface/mini/Barzani/brz56.png
5,/home/hatice/PycharmProjects/newOpenface/mini/Barzani/brz85.png
6,/home/hatice/PycharmProjects/newOpenface/mini/Kilicdaroglu/kek10.png
6,/home/hatice/PycharmProjects/newOpenface/mini/Kilicdaroglu/kek49.png
6,/home/hatice/PycharmProjects/newOpenface/mini/Kilicdaroglu/kek13.png
6,/home/hatice/PycharmProjects/newOpenface/mini/Kilicdaroglu/kek5.png
6,/home/hatice/PycharmProjects/newOpenface/mini/Kilicdaroglu/kek72.png
6,/home/hatice/PycharmProjects/newOpenface/mini/Kilicdaroglu/kek83.png
6,/home/hatice/PycharmProjects/newOpenface/mini/Kilicdaroglu/kek48.png
6,/home/hatice/PycharmProjects/newOpenface/mini/Kilicdaroglu/kek14.png
6,/home/hatice/PycharmProjects/newOpenface/mini/Kilicdaroglu/kek89.png
6,/home/hatice/PycharmProjects/newOpenface/mini/Kilicdaroglu/kek50.png
6,/home/hatice/PycharmProjects/newOpenface/mini/Kilicdaroglu/kek71.png
6,/home/hatice/PycharmProjects/newOpenface/mini/Kilicdaroglu/kek96.png
6,/home/hatice/PycharmProjects/newOpenface/mini/Kilicdaroglu/kek92.png
6,/home/hatice/PycharmProjects/newOpenface/mini/Kilicdaroglu/kek84.png
6,/home/hatice/PycharmProjects/newOpenface/mini/Kilicdaroglu/kek12.png
6,/home/hatice/PycharmProjects/newOpenface/mini/Kilicdaroglu/kek57.png
6,/home/hatice/PycharmProjects/newOpenface/mini/Kilicdaroglu/kek27.png
6,/home/hatice/PycharmProjects/newOpenface/mini/Kilicdaroglu/kek29.png
6,/home/hatice/PycharmProjects/newOpenface/mini/Kilicdaroglu/kek98.png
6,/home/hatice/PycharmProjects/newOpenface/mini/Kilicdaroglu/kek97.png
6,/home/hatice/PycharmProjects/newOpenface/mini/Kilicdaroglu/kek73.png
6,/home/hatice/PycharmProjects/newOpenface/mini/Kilicdaroglu/kek91.png
6,/home/hatice/PycharmProjects/newOpenface/mini/Kilicdaroglu/kek7.png
6,/home/hatice/PycharmProjects/newOpenface/mini/Kilicdaroglu/kek31.png
6,/home/hatice/PycharmProjects/newOpenface/mini/Kilicdaroglu/kek68.png
6,/home/hatice/PycharmProjects/newOpenface/mini/Kilicdaroglu/kek95.png
6,/home/hatice/PycharmProjects/newOpenface/mini/Kilicdaroglu/kek42.png
6,/home/hatice/PycharmProjects/newOpenface/mini/Kilicdaroglu/kek23.png
6,/home/hatice/PycharmProjects/newOpenface/mini/Kilicdaroglu/kek11.png
6,/home/hatice/PycharmProjects/newOpenface/mini/Kilicdaroglu/kek56.png
6,/home/hatice/PycharmProjects/newOpenface/mini/Kilicdaroglu/kek39.png
6,/home/hatice/PycharmProjects/newOpenface/mini/Kilicdaroglu/kek38.png
6,/home/hatice/PycharmProjects/newOpenface/mini/Kilicdaroglu/kek78.png
6,/home/hatice/PycharmProjects/newOpenface/mini/Kilicdaroglu/kek32.png
6,/home/hatice/PycharmProjects/newOpenface/mini/Kilicdaroglu/kek82.png
6,/home/hatice/PycharmProjects/newOpenface/mini/Kilicdaroglu/kek94.png
6,/home/hatice/PycharmProjects/newOpenface/mini/Kilicdaroglu/kek61.png
6,/home/hatice/PycharmProjects/newOpenface/mini/Kilicdaroglu/kek80.png
6,/home/hatice/PycharmProjects/newOpenface/mini/Kilicdaroglu/kek100.png
6,/home/hatice/PycharmProjects/newOpenface/mini/Kilicdaroglu/kek81.png
6,/home/hatice/PycharmProjects/newOpenface/mini/Kilicdaroglu/kek36.png
6,/home/hatice/PycharmProjects/newOpenface/mini/Kilicdaroglu/kek76.png
6,/home/hatice/PycharmProjects/newOpenface/mini/Kilicdaroglu/kek8.png
6,/home/hatice/PycharmProjects/newOpenface/mini/Kilicdaroglu/kek17.png
6,/home/hatice/PycharmProjects/newOpenface/mini/Kilicdaroglu/kek46.png
6,/home/hatice/PycharmProjects/newOpenface/mini/Kilicdaroglu/kek4.png
6,/home/hatice/PycharmProjects/newOpenface/mini/Kilicdaroglu/kek47.png
6,/home/hatice/PycharmProjects/newOpenface/mini/Kilicdaroglu/kek90.png
6,/home/hatice/PycharmProjects/newOpenface/mini/Kilicdaroglu/kek54.png
6,/home/hatice/PycharmProjects/newOpenface/mini/Kilicdaroglu/kek62.png
6,/home/hatice/PycharmProjects/newOpenface/mini/Kilicdaroglu/kek63.png
6,/home/hatice/PycharmProjects/newOpenface/mini/Kilicdaroglu/kek19.png
6,/home/hatice/PycharmProjects/newOpenface/mini/Kilicdaroglu/kek25.png
6,/home/hatice/PycharmProjects/newOpenface/mini/Kilicdaroglu/kek58.png
6,/home/hatice/PycharmProjects/newOpenface/mini/Kilicdaroglu/kek18.png
6,/home/hatice/PycharmProjects/newOpenface/mini/Kilicdaroglu/kek41.png
6,/home/hatice/PycharmProjects/newOpenface/mini/Kilicdaroglu/kek22.png
6,/home/hatice/PycharmProjects/newOpenface/mini/Kilicdaroglu/kek35.png
6,/home/hatice/PycharmProjects/newOpenface/mini/Kilicdaroglu/kek37.png
6,/home/hatice/PycharmProjects/newOpenface/mini/Kilicdaroglu/kek51.png
6,/home/hatice/PycharmProjects/newOpenface/mini/Kilicdaroglu/kek64.png
6,/home/hatice/PycharmProjects/newOpenface/mini/Kilicdaroglu/kek77.png
6,/home/hatice/PycharmProjects/newOpenface/mini/Kilicdaroglu/kek88.png
6,/home/hatice/PycharmProjects/newOpenface/mini/Kilicdaroglu/kek20.png
6,/home/hatice/PycharmProjects/newOpenface/mini/Kilicdaroglu/kek28.png
6,/home/hatice/PycharmProjects/newOpenface/mini/Kilicdaroglu/kek3.png
6,/home/hatice/PycharmProjects/newOpenface/mini/Kilicdaroglu/kek55.png
6,/home/hatice/PycharmProjects/newOpenface/mini/Kilicdaroglu/kek74.png
6,/home/hatice/PycharmProjects/newOpenface/mini/Kilicdaroglu/kek75.png
6,/home/hatice/PycharmProjects/newOpenface/mini/Kilicdaroglu/kek45.png
6,/home/hatice/PycharmProjects/newOpenface/mini/Kilicdaroglu/kek70.png
6,/home/hatice/PycharmProjects/newOpenface/mini/Kilicdaroglu/kek53.png
6,/home/hatice/PycharmProjects/newOpenface/mini/Kilicdaroglu/kek69.png
6,/home/hatice/PycharmProjects/newOpenface/mini/Kilicdaroglu/kek9.png
6,/home/hatice/PycharmProjects/newOpenface/mini/Kilicdaroglu/kek43.png
6,/home/hatice/PycharmProjects/newOpenface/mini/Kilicdaroglu/kek.png
6,/home/hatice/PycharmProjects/newOpenface/mini/Kilicdaroglu/kek87.png
6,/home/hatice/PycharmProjects/newOpenface/mini/Kilicdaroglu/kek40.png
6,/home/hatice/PycharmProjects/newOpenface/mini/Kilicdaroglu/kek79.png
6,/home/hatice/PycharmProjects/newOpenface/mini/Kilicdaroglu/kek67.png
6,/home/hatice/PycharmProjects/newOpenface/mini/Kilicdaroglu/kek15.png
6,/home/hatice/PycharmProjects/newOpenface/mini/Kilicdaroglu/kek93.png
6,/home/hatice/PycharmProjects/newOpenface/mini/Kilicdaroglu/kek85.png
6,/home/hatice/PycharmProjects/newOpenface/mini/Kilicdaroglu/kek34.png
6,"/home/hatice/PycharmProjects/newOpenface/mini/Kilicdaroglu/kek21,.png"
6,/home/hatice/PycharmProjects/newOpenface/mini/Kilicdaroglu/kek52.png
6,/home/hatice/PycharmProjects/newOpenface/mini/Kilicdaroglu/kek2.png
6,/home/hatice/PycharmProjects/newOpenface/mini/Kilicdaroglu/kek26.png
6,/home/hatice/PycharmProjects/newOpenface/mini/Kilicdaroglu/kek16.png
6,/home/hatice/PycharmProjects/newOpenface/mini/Kilicdaroglu/kek24.png
6,/home/hatice/PycharmProjects/newOpenface/mini/Kilicdaroglu/kek59.png
6,/home/hatice/PycharmProjects/newOpenface/mini/Kilicdaroglu/kek30.png
6,/home/hatice/PycharmProjects/newOpenface/mini/Kilicdaroglu/kek44.png
6,/home/hatice/PycharmProjects/newOpenface/mini/Kilicdaroglu/kek65.png
6,/home/hatice/PycharmProjects/newOpenface/mini/Kilicdaroglu/kek99.png
6,/home/hatice/PycharmProjects/newOpenface/mini/Kilicdaroglu/kek33.png
6,/home/hatice/PycharmProjects/newOpenface/mini/Kilicdaroglu/kek60.png
6,/home/hatice/PycharmProjects/newOpenface/mini/Kilicdaroglu/kek6.png
6,/home/hatice/PycharmProjects/newOpenface/mini/Kilicdaroglu/kek86.png
6,/home/hatice/PycharmProjects/newOpenface/mini/Kilicdaroglu/kek66.png
7,/home/hatice/PycharmProjects/newOpenface/mini/MAksener/mea22.png
7,/home/hatice/PycharmProjects/newOpenface/mini/MAksener/mea45.png
7,/home/hatice/PycharmProjects/newOpenface/mini/MAksener/mea88.png
7,/home/hatice/PycharmProjects/newOpenface/mini/MAksener/mea9.png
7,/home/hatice/PycharmProjects/newOpenface/mini/MAksener/mea13.png
7,/home/hatice/PycharmProjects/newOpenface/mini/MAksener/mea10.png
7,/home/hatice/PycharmProjects/newOpenface/mini/MAksener/mea49.png
7,/home/hatice/PycharmProjects/newOpenface/mini/MAksener/mea1.png
7,/home/hatice/PycharmProjects/newOpenface/mini/MAksener/mea72.png
7,/home/hatice/PycharmProjects/newOpenface/mini/MAksener/mea63.png
7,/home/hatice/PycharmProjects/newOpenface/mini/MAksener/mea95.png
7,/home/hatice/PycharmProjects/newOpenface/mini/MAksener/mea90.png
7,/home/hatice/PycharmProjects/newOpenface/mini/MAksener/mea43.png
7,/home/hatice/PycharmProjects/newOpenface/mini/MAksener/mea51.png
7,/home/hatice/PycharmProjects/newOpenface/mini/MAksener/mea86.png
7,/home/hatice/PycharmProjects/newOpenface/mini/MAksener/mea21.png
7,/home/hatice/PycharmProjects/newOpenface/mini/MAksener/mea92.png
7,/home/hatice/PycharmProjects/newOpenface/mini/MAksener/mea15.png
7,/home/hatice/PycharmProjects/newOpenface/mini/MAksener/mea81.png
7,/home/hatice/PycharmProjects/newOpenface/mini/MAksener/mea52.png
7,/home/hatice/PycharmProjects/newOpenface/mini/MAksener/mea91.png
7,/home/hatice/PycharmProjects/newOpenface/mini/MAksener/mea46.png
7,/home/hatice/PycharmProjects/newOpenface/mini/MAksener/mea80.png
7,/home/hatice/PycharmProjects/newOpenface/mini/MAksener/mea73.png
7,/home/hatice/PycharmProjects/newOpenface/mini/MAksener/mea25.png
7,/home/hatice/PycharmProjects/newOpenface/mini/MAksener/mea58.png
7,/home/hatice/PycharmProjects/newOpenface/mini/MAksener/mea85.png
7,/home/hatice/PycharmProjects/newOpenface/mini/MAksener/mea35.png
7,/home/hatice/PycharmProjects/newOpenface/mini/MAksener/mea42.png
7,/home/hatice/PycharmProjects/newOpenface/mini/MAksener/mea34.png
7,/home/hatice/PycharmProjects/newOpenface/mini/MAksener/mea12.png
7,/home/hatice/PycharmProjects/newOpenface/mini/MAksener/mea93.png
7,/home/hatice/PycharmProjects/newOpenface/mini/MAksener/mea75.png
7,/home/hatice/PycharmProjects/newOpenface/mini/MAksener/mea50.png
7,/home/hatice/PycharmProjects/newOpenface/mini/MAksener/mea71.png
7,/home/hatice/PycharmProjects/newOpenface/mini/MAksener/mea100.png
7,/home/hatice/PycharmProjects/newOpenface/mini/MAksener/mea77.png
7,/home/hatice/PycharmProjects/newOpenface/mini/MAksener/mea20.png
7,/home/hatice/PycharmProjects/newOpenface/mini/MAksener/mea17.png
7,/home/hatice/PycharmProjects/newOpenface/mini/MAksener/mea84.png
7,/home/hatice/PycharmProjects/newOpenface/mini/MAksener/mea78.png
7,/home/hatice/PycharmProjects/newOpenface/mini/MAksener/mea8.png
7,/home/hatice/PycharmProjects/newOpenface/mini/MAksener/mea2.png
7,/home/hatice/PycharmProjects/newOpenface/mini/MAksener/mea28.png
7,/home/hatice/PycharmProjects/newOpenface/mini/MAksener/mea3.png
7,/home/hatice/PycharmProjects/newOpenface/mini/MAksener/mea96.png
7,/home/hatice/PycharmProjects/newOpenface/mini/MAksener/mea18.png
7,/home/hatice/PycharmProjects/newOpenface/mini/MAksener/mea5.png
7,/home/hatice/PycharmProjects/newOpenface/mini/MAksener/mea65.png
7,/home/hatice/PycharmProjects/newOpenface/mini/MAksener/mea33.png
7,/home/hatice/PycharmProjects/newOpenface/mini/MAksener/mea87.png
7,/home/hatice/PycharmProjects/newOpenface/mini/MAksener/mea66.png
7,/home/hatice/PycharmProjects/newOpenface/mini/MAksener/mea47.png
7,/home/hatice/PycharmProjects/newOpenface/mini/MAksener/mea57.png
7,/home/hatice/PycharmProjects/newOpenface/mini/MAksener/mea74.png
7,/home/hatice/PycharmProjects/newOpenface/mini/MAksener/mea70.png
7,/home/hatice/PycharmProjects/newOpenface/mini/MAksener/mea64.png
7,/home/hatice/PycharmProjects/newOpenface/mini/MAksener/mea54.png
7,/home/hatice/PycharmProjects/newOpenface/mini/MAksener/mea48.png
7,/home/hatice/PycharmProjects/newOpenface/mini/MAksener/mea60.png
7,/home/hatice/PycharmProjects/newOpenface/mini/MAksener/mea40.png
7,/home/hatice/PycharmProjects/newOpenface/mini/MAksener/mea11.png
7,/home/hatice/PycharmProjects/newOpenface/mini/MAksener/mea16.png
7,/home/hatice/PycharmProjects/newOpenface/mini/MAksener/mea7.png
7,/home/hatice/PycharmProjects/newOpenface/mini/MAksener/mea27.png
7,/home/hatice/PycharmProjects/newOpenface/mini/MAksener/mea37.png
7,/home/hatice/PycharmProjects/newOpenface/mini/MAksener/mea83.png
7,/home/hatice/PycharmProjects/newOpenface/mini/MAksener/mea44.png
7,/home/hatice/PycharmProjects/newOpenface/mini/MAksener/mea62.png
7,/home/hatice/PycharmProjects/newOpenface/mini/MAksener/mea99.png
7,/home/hatice/PycharmProjects/newOpenface/mini/MAksener/mea14.png
7,/home/hatice/PycharmProjects/newOpenface/mini/MAksener/mea39.png
7,/home/hatice/PycharmProjects/newOpenface/mini/MAksener/mea67.png
7,/home/hatice/PycharmProjects/newOpenface/mini/MAksener/mea89.png
7,/home/hatice/PycharmProjects/newOpenface/mini/MAksener/mea61.png
7,/home/hatice/PycharmProjects/newOpenface/mini/MAksener/mea53.png
7,/home/hatice/PycharmProjects/newOpenface/mini/MAksener/mea6.png
7,/home/hatice/PycharmProjects/newOpenface/mini/MAksener/mea29.png
7,/home/hatice/PycharmProjects/newOpenface/mini/MAksener/mea82.png
7,/home/hatice/PycharmProjects/newOpenface/mini/MAksener/mea36.png
7,/home/hatice/PycharmProjects/newOpenface/mini/MAksener/mea31.png
7,/home/hatice/PycharmProjects/newOpenface/mini/MAksener/mea68.png
7,/home/hatice/PycharmProjects/newOpenface/mini/MAksener/mea97.png
7,/home/hatice/PycharmProjects/newOpenface/mini/MAksener/mea98.png
7,/home/hatice/PycharmProjects/newOpenface/mini/MAksener/mea59.png
7,/home/hatice/PycharmProjects/newOpenface/mini/MAksener/mea94.png
7,/home/hatice/PycharmProjects/newOpenface/mini/MAksener/mea30.png
7,/home/hatice/PycharmProjects/newOpenface/mini/MAksener/mea26.png
7,/home/hatice/PycharmProjects/newOpenface/mini/MAksener/mea79.png
7,/home/hatice/PycharmProjects/newOpenface/mini/MAksener/mea56.png
7,/home/hatice/PycharmProjects/newOpenface/mini/MAksener/mea41.png
7,/home/hatice/PycharmProjects/newOpenface/mini/MAksener/mea24.png
7,/home/hatice/PycharmProjects/newOpenface/mini/MAksener/mea76.png
7,/home/hatice/PycharmProjects/newOpenface/mini/MAksener/mea19.png
7,/home/hatice/PycharmProjects/newOpenface/mini/MAksener/mea4.png
7,/home/hatice/PycharmProjects/newOpenface/mini/MAksener/mea55.png
7,/home/hatice/PycharmProjects/newOpenface/mini/MAksener/mea38.png
7,/home/hatice/PycharmProjects/newOpenface/mini/MAksener/mea69.png
7,/home/hatice/PycharmProjects/newOpenface/mini/MAksener/mea32.png
7,/home/hatice/PycharmProjects/newOpenface/mini/MAksener/mea23.png
8,/home/hatice/PycharmProjects/newOpenface/mini/Putin/pt58.png
8,/home/hatice/PycharmProjects/newOpenface/mini/Putin/pt13.png
8,/home/hatice/PycharmProjects/newOpenface/mini/Putin/pt95.png
8,/home/hatice/PycharmProjects/newOpenface/mini/Putin/pt42.png
8,/home/hatice/PycharmProjects/newOpenface/mini/Putin/pt9.png
8,/home/hatice/PycharmProjects/newOpenface/mini/Putin/pt41.png
8,/home/hatice/PycharmProjects/newOpenface/mini/Putin/pt59.png
8,/home/hatice/PycharmProjects/newOpenface/mini/Putin/pt69.png
8,/home/hatice/PycharmProjects/newOpenface/mini/Putin/pt26.png
8,/home/hatice/PycharmProjects/newOpenface/mini/Putin/pt91.png
8,/home/hatice/PycharmProjects/newOpenface/mini/Putin/pt43.png
8,/home/hatice/PycharmProjects/newOpenface/mini/Putin/pt87.png
8,/home/hatice/PycharmProjects/newOpenface/mini/Putin/pt38.png
8,/home/hatice/PycharmProjects/newOpenface/mini/Putin/pt4.png
8,/home/hatice/PycharmProjects/newOpenface/mini/Putin/pt44.png
8,/home/hatice/PycharmProjects/newOpenface/mini/Putin/pt54.png
8,/home/hatice/PycharmProjects/newOpenface/mini/Putin/pt35.png
8,/home/hatice/PycharmProjects/newOpenface/mini/Putin/pt28.png
8,/home/hatice/PycharmProjects/newOpenface/mini/Putin/pt22.png
8,/home/hatice/PycharmProjects/newOpenface/mini/Putin/pt75.png
8,/home/hatice/PycharmProjects/newOpenface/mini/Putin/pt49.png
8,/home/hatice/PycharmProjects/newOpenface/mini/Putin/pt93.png
8,/home/hatice/PycharmProjects/newOpenface/mini/Putin/pt36.png
8,/home/hatice/PycharmProjects/newOpenface/mini/Putin/pt100.png
8,/home/hatice/PycharmProjects/newOpenface/mini/Putin/pt76.png
8,/home/hatice/PycharmProjects/newOpenface/mini/Putin/pt94.png
8,/home/hatice/PycharmProjects/newOpenface/mini/Putin/pt67.png
8,/home/hatice/PycharmProjects/newOpenface/mini/Putin/pt57.png
8,/home/hatice/PycharmProjects/newOpenface/mini/Putin/pt97.png
8,/home/hatice/PycharmProjects/newOpenface/mini/Putin/pt89.png
8,/home/hatice/PycharmProjects/newOpenface/mini/Putin/pt55.png
8,/home/hatice/PycharmProjects/newOpenface/mini/Putin/pt31.png
8,/home/hatice/PycharmProjects/newOpenface/mini/Putin/pt17.png
8,/home/hatice/PycharmProjects/newOpenface/mini/Putin/pt68.png
8,/home/hatice/PycharmProjects/newOpenface/mini/Putin/pt83.png
8,/home/hatice/PycharmProjects/newOpenface/mini/Putin/pt29.png
8,/home/hatice/PycharmProjects/newOpenface/mini/Putin/pt3.png
8,/home/hatice/PycharmProjects/newOpenface/mini/Putin/pt70.png
8,/home/hatice/PycharmProjects/newOpenface/mini/Putin/pt79.png
8,/home/hatice/PycharmProjects/newOpenface/mini/Putin/pt46.png
8,/home/hatice/PycharmProjects/newOpenface/mini/Putin/pt82.png
8,/home/hatice/PycharmProjects/newOpenface/mini/Putin/pt53.png
8,/home/hatice/PycharmProjects/newOpenface/mini/Putin/pt12.png
8,/home/hatice/PycharmProjects/newOpenface/mini/Putin/pt19.png
8,/home/hatice/PycharmProjects/newOpenface/mini/Putin/pt98.png
8,/home/hatice/PycharmProjects/newOpenface/mini/Putin/pt27.png
8,/home/hatice/PycharmProjects/newOpenface/mini/Putin/pt37.png
8,/home/hatice/PycharmProjects/newOpenface/mini/Putin/pt64.png
8,/home/hatice/PycharmProjects/newOpenface/mini/Putin/pt23.png
8,/home/hatice/PycharmProjects/newOpenface/mini/Putin/pt45.png
8,/home/hatice/PycharmProjects/newOpenface/mini/Putin/pt16.png
8,/home/hatice/PycharmProjects/newOpenface/mini/Putin/pt60.png
8,/home/hatice/PycharmProjects/newOpenface/mini/Putin/pt15.png
8,/home/hatice/PycharmProjects/newOpenface/mini/Putin/pt7.png
8,/home/hatice/PycharmProjects/newOpenface/mini/Putin/pt33.png
8,/home/hatice/PycharmProjects/newOpenface/mini/Putin/pt8.png
8,/home/hatice/PycharmProjects/newOpenface/mini/Putin/pt88.png
8,/home/hatice/PycharmProjects/newOpenface/mini/Putin/pt5.png
8,/home/hatice/PycharmProjects/newOpenface/mini/Putin/pt40.png
8,/home/hatice/PycharmProjects/newOpenface/mini/Putin/pt2.png
8,/home/hatice/PycharmProjects/newOpenface/mini/Putin/pt25.png
8,/home/hatice/PycharmProjects/newOpenface/mini/Putin/pt18.png
8,/home/hatice/PycharmProjects/newOpenface/mini/Putin/pt34.png
8,/home/hatice/PycharmProjects/newOpenface/mini/Putin/pt20.png
8,/home/hatice/PycharmProjects/newOpenface/mini/Putin/pt90.png
8,/home/hatice/PycharmProjects/newOpenface/mini/Putin/pt48.png
8,/home/hatice/PycharmProjects/newOpenface/mini/Putin/pt66.png
8,/home/hatice/PycharmProjects/newOpenface/mini/Putin/pt71.png
8,/home/hatice/PycharmProjects/newOpenface/mini/Putin/pt73.png
8,/home/hatice/PycharmProjects/newOpenface/mini/Putin/pt78.png
8,/home/hatice/PycharmProjects/newOpenface/mini/Putin/pt85.png
8,/home/hatice/PycharmProjects/newOpenface/mini/Putin/pt65.png
8,/home/hatice/PycharmProjects/newOpenface/mini/Putin/pt86.png
8,/home/hatice/PycharmProjects/newOpenface/mini/Putin/pt21.png
8,/home/hatice/PycharmProjects/newOpenface/mini/Putin/pt50.png
8,/home/hatice/PycharmProjects/newOpenface/mini/Putin/pt1.png
8,/home/hatice/PycharmProjects/newOpenface/mini/Putin/pt14.png
8,/home/hatice/PycharmProjects/newOpenface/mini/Putin/pt92.png
8,/home/hatice/PycharmProjects/newOpenface/mini/Putin/pt96.png
8,/home/hatice/PycharmProjects/newOpenface/mini/Putin/pt63.png
8,/home/hatice/PycharmProjects/newOpenface/mini/Putin/pt56.png
8,/home/hatice/PycharmProjects/newOpenface/mini/Putin/pt52.png
8,/home/hatice/PycharmProjects/newOpenface/mini/Putin/pt32.png
8,/home/hatice/PycharmProjects/newOpenface/mini/Putin/pt11.png
8,/home/hatice/PycharmProjects/newOpenface/mini/Putin/pt81.png
8,/home/hatice/PycharmProjects/newOpenface/mini/Putin/pt47.png
8,/home/hatice/PycharmProjects/newOpenface/mini/Putin/pt30.png
8,/home/hatice/PycharmProjects/newOpenface/mini/Putin/pt72.png
8,/home/hatice/PycharmProjects/newOpenface/mini/Putin/pt84.png
8,/home/hatice/PycharmProjects/newOpenface/mini/Putin/pt10.png
8,/home/hatice/PycharmProjects/newOpenface/mini/Putin/pt77.png
8,/home/hatice/PycharmProjects/newOpenface/mini/Putin/pt24.png
8,/home/hatice/PycharmProjects/newOpenface/mini/Putin/pt99.png
8,/home/hatice/PycharmProjects/newOpenface/mini/Putin/pt62.png
8,/home/hatice/PycharmProjects/newOpenface/mini/Putin/pt74.png
8,/home/hatice/PycharmProjects/newOpenface/mini/Putin/pt39.png
8,/home/hatice/PycharmProjects/newOpenface/mini/Putin/pt6.png
9,/home/hatice/PycharmProjects/newOpenface/mini/CemYilmaz/cem55.png
9,/home/hatice/PycharmProjects/newOpenface/mini/CemYilmaz/cem84.png
9,/home/hatice/PycharmProjects/newOpenface/mini/CemYilmaz/cem32.png
9,/home/hatice/PycharmProjects/newOpenface/mini/CemYilmaz/cem65.png
9,/home/hatice/PycharmProjects/newOpenface/mini/CemYilmaz/cem19.png
9,/home/hatice/PycharmProjects/newOpenface/mini/CemYilmaz/cem75.png
9,/home/hatice/PycharmProjects/newOpenface/mini/CemYilmaz/cem53.png
9,/home/hatice/PycharmProjects/newOpenface/mini/CemYilmaz/cem46.png
9,/home/hatice/PycharmProjects/newOpenface/mini/CemYilmaz/cem36.png
9,/home/hatice/PycharmProjects/newOpenface/mini/CemYilmaz/cem57.png
9,/home/hatice/PycharmProjects/newOpenface/mini/CemYilmaz/cem47.png
9,/home/hatice/PycharmProjects/newOpenface/mini/CemYilmaz/cem82.png
9,/home/hatice/PycharmProjects/newOpenface/mini/CemYilmaz/cem58.png
9,/home/hatice/PycharmProjects/newOpenface/mini/CemYilmaz/cem62.png
9,/home/hatice/PycharmProjects/newOpenface/mini/CemYilmaz/cem8.png
9,/home/hatice/PycharmProjects/newOpenface/mini/CemYilmaz/cem93.png
9,/home/hatice/PycharmProjects/newOpenface/mini/CemYilmaz/cem33.png
9,/home/hatice/PycharmProjects/newOpenface/mini/CemYilmaz/cem9.png
9,/home/hatice/PycharmProjects/newOpenface/mini/CemYilmaz/cem49.png
9,/home/hatice/PycharmProjects/newOpenface/mini/CemYilmaz/cem20.png
9,/home/hatice/PycharmProjects/newOpenface/mini/CemYilmaz/cem68.png
9,/home/hatice/PycharmProjects/newOpenface/mini/CemYilmaz/cem26.png
9,/home/hatice/PycharmProjects/newOpenface/mini/CemYilmaz/cem22.png
9,/home/hatice/PycharmProjects/newOpenface/mini/CemYilmaz/cem67.png
9,/home/hatice/PycharmProjects/newOpenface/mini/CemYilmaz/cem50.png
9,/home/hatice/PycharmProjects/newOpenface/mini/CemYilmaz/cem5.png
9,/home/hatice/PycharmProjects/newOpenface/mini/CemYilmaz/cem83.png
9,/home/hatice/PycharmProjects/newOpenface/mini/CemYilmaz/cem86.png
9,/home/hatice/PycharmProjects/newOpenface/mini/CemYilmaz/cem99.png
9,/home/hatice/PycharmProjects/newOpenface/mini/CemYilmaz/cem91.png
9,/home/hatice/PycharmProjects/newOpenface/mini/CemYilmaz/cem41.png
9,/home/hatice/PycharmProjects/newOpenface/mini/CemYilmaz/cem31.png
9,/home/hatice/PycharmProjects/newOpenface/mini/CemYilmaz/cem96.png
9,/home/hatice/PycharmProjects/newOpenface/mini/CemYilmaz/cem100.png
9,/home/hatice/PycharmProjects/newOpenface/mini/CemYilmaz/cem15.png
9,/home/hatice/PycharmProjects/newOpenface/mini/CemYilmaz/cem63.png
9,/home/hatice/PycharmProjects/newOpenface/mini/CemYilmaz/cem29.png
9,/home/hatice/PycharmProjects/newOpenface/mini/CemYilmaz/cem77.png
9,/home/hatice/PycharmProjects/newOpenface/mini/CemYilmaz/cem11.png
9,/home/hatice/PycharmProjects/newOpenface/mini/CemYilmaz/cem25.png
9,/home/hatice/PycharmProjects/newOpenface/mini/CemYilmaz/cem4.png
9,/home/hatice/PycharmProjects/newOpenface/mini/CemYilmaz/cem23.png
9,/home/hatice/PycharmProjects/newOpenface/mini/CemYilmaz/cem56.png
9,/home/hatice/PycharmProjects/newOpenface/mini/CemYilmaz/cem43.png
9,/home/hatice/PycharmProjects/newOpenface/mini/CemYilmaz/cem51.png
9,/home/hatice/PycharmProjects/newOpenface/mini/CemYilmaz/cem34.png
9,/home/hatice/PycharmProjects/newOpenface/mini/CemYilmaz/cem14.png
9,/home/hatice/PycharmProjects/newOpenface/mini/CemYilmaz/cem97.png
9,/home/hatice/PycharmProjects/newOpenface/mini/CemYilmaz/cem88.png
9,/home/hatice/PycharmProjects/newOpenface/mini/CemYilmaz/cem24.png
9,/home/hatice/PycharmProjects/newOpenface/mini/CemYilmaz/cem3.png
9,/home/hatice/PycharmProjects/newOpenface/mini/CemYilmaz/cem71.png
9,/home/hatice/PycharmProjects/newOpenface/mini/CemYilmaz/cem64.png
9,/home/hatice/PycharmProjects/newOpenface/mini/CemYilmaz/cem12.png
9,/home/hatice/PycharmProjects/newOpenface/mini/CemYilmaz/cem28.png
9,/home/hatice/PycharmProjects/newOpenface/mini/CemYilmaz/cem98.png
9,/home/hatice/PycharmProjects/newOpenface/mini/CemYilmaz/cem30.png
9,/home/hatice/PycharmProjects/newOpenface/mini/CemYilmaz/cem39.png
9,/home/hatice/PycharmProjects/newOpenface/mini/CemYilmaz/cem87.png
9,/home/hatice/PycharmProjects/newOpenface/mini/CemYilmaz/cem94.png
9,/home/hatice/PycharmProjects/newOpenface/mini/CemYilmaz/cem37.png
9,/home/hatice/PycharmProjects/newOpenface/mini/CemYilmaz/cem45.png
9,/home/hatice/PycharmProjects/newOpenface/mini/CemYilmaz/cem89.png
9,/home/hatice/PycharmProjects/newOpenface/mini/CemYilmaz/cem74.png
9,/home/hatice/PycharmProjects/newOpenface/mini/CemYilmaz/cem18.png
9,/home/hatice/PycharmProjects/newOpenface/mini/CemYilmaz/cem2.png
9,/home/hatice/PycharmProjects/newOpenface/mini/CemYilmaz/cem85.png
9,/home/hatice/PycharmProjects/newOpenface/mini/CemYilmaz/cem1.png
9,/home/hatice/PycharmProjects/newOpenface/mini/CemYilmaz/cem42.png
9,/home/hatice/PycharmProjects/newOpenface/mini/CemYilmaz/cem27.png
9,/home/hatice/PycharmProjects/newOpenface/mini/CemYilmaz/cem52.png
9,/home/hatice/PycharmProjects/newOpenface/mini/CemYilmaz/cem40.png
9,/home/hatice/PycharmProjects/newOpenface/mini/CemYilmaz/cem7.png
9,/home/hatice/PycharmProjects/newOpenface/mini/CemYilmaz/cem35.png
9,/home/hatice/PycharmProjects/newOpenface/mini/CemYilmaz/cem79.png
9,/home/hatice/PycharmProjects/newOpenface/mini/CemYilmaz/cem60.png
9,/home/hatice/PycharmProjects/newOpenface/mini/CemYilmaz/cem70.png
9,/home/hatice/PycharmProjects/newOpenface/mini/CemYilmaz/cem72.png
9,/home/hatice/PycharmProjects/newOpenface/mini/CemYilmaz/cem16.png
9,/home/hatice/PycharmProjects/newOpenface/mini/CemYilmaz/cem73.png
9,/home/hatice/PycharmProjects/newOpenface/mini/CemYilmaz/cem17.png
9,/home/hatice/PycharmProjects/newOpenface/mini/CemYilmaz/cem76.png
9,/home/hatice/PycharmProjects/newOpenface/mini/CemYilmaz/cem21.png
9,/home/hatice/PycharmProjects/newOpenface/mini/CemYilmaz/cem10.png
9,/home/hatice/PycharmProjects/newOpenface/mini/CemYilmaz/cem78.png
9,/home/hatice/PycharmProjects/newOpenface/mini/CemYilmaz/cem81.png
9,/home/hatice/PycharmProjects/newOpenface/mini/CemYilmaz/cem61.png
9,/home/hatice/PycharmProjects/newOpenface/mini/CemYilmaz/cem90.png
9,/home/hatice/PycharmProjects/newOpenface/mini/CemYilmaz/cem59.png
9,/home/hatice/PycharmProjects/newOpenface/mini/CemYilmaz/cem44.png
9,/home/hatice/PycharmProjects/newOpenface/mini/CemYilmaz/cem54.png
9,/home/hatice/PycharmProjects/newOpenface/mini/CemYilmaz/cem6.png
9,/home/hatice/PycharmProjects/newOpenface/mini/CemYilmaz/cem66.png
9,/home/hatice/PycharmProjects/newOpenface/mini/CemYilmaz/cem13.png
9,/home/hatice/PycharmProjects/newOpenface/mini/CemYilmaz/cem48.png
10,/home/hatice/PycharmProjects/newOpenface/mini/KadirTopbas/kad30.png
10,/home/hatice/PycharmProjects/newOpenface/mini/KadirTopbas/kad58.png
10,/home/hatice/PycharmProjects/newOpenface/mini/KadirTopbas/kad26.png
10,/home/hatice/PycharmProjects/newOpenface/mini/KadirTopbas/kad15.png
10,/home/hatice/PycharmProjects/newOpenface/mini/KadirTopbas/kad95.png
10,/home/hatice/PycharmProjects/newOpenface/mini/KadirTopbas/kad53.png
10,/home/hatice/PycharmProjects/newOpenface/mini/KadirTopbas/kad21.png
10,/home/hatice/PycharmProjects/newOpenface/mini/KadirTopbas/kad83.png
10,/home/hatice/PycharmProjects/newOpenface/mini/KadirTopbas/kad10.png
10,/home/hatice/PycharmProjects/newOpenface/mini/KadirTopbas/kad61.png
10,/home/hatice/PycharmProjects/newOpenface/mini/KadirTopbas/kad100.png
10,/home/hatice/PycharmProjects/newOpenface/mini/KadirTopbas/kad65.png
10,/home/hatice/PycharmProjects/newOpenface/mini/KadirTopbas/kad73.png
10,/home/hatice/PycharmProjects/newOpenface/mini/KadirTopbas/kad7.png
10,/home/hatice/PycharmProjects/newOpenface/mini/KadirTopbas/kad12.png
10,/home/hatice/PycharmProjects/newOpenface/mini/KadirTopbas/kad99.png
10,/home/hatice/PycharmProjects/newOpenface/mini/KadirTopbas/kad82.png
10,/home/hatice/PycharmProjects/newOpenface/mini/KadirTopbas/kad20.png
10,/home/hatice/PycharmProjects/newOpenface/mini/KadirTopbas/kad34.png
10,/home/hatice/PycharmProjects/newOpenface/mini/KadirTopbas/kad70.png
10,/home/hatice/PycharmProjects/newOpenface/mini/KadirTopbas/kad8.png
10,/home/hatice/PycharmProjects/newOpenface/mini/KadirTopbas/kad84.png
10,/home/hatice/PycharmProjects/newOpenface/mini/KadirTopbas/kad72.png
10,/home/hatice/PycharmProjects/newOpenface/mini/KadirTopbas/kad39.png
10,/home/hatice/PycharmProjects/newOpenface/mini/KadirTopbas/kad27.png
10,/home/hatice/PycharmProjects/newOpenface/mini/KadirTopbas/kad55.png
10,/home/hatice/PycharmProjects/newOpenface/mini/KadirTopbas/kad60.png
10,/home/hatice/PycharmProjects/newOpenface/mini/KadirTopbas/kad17.png
10,/home/hatice/PycharmProjects/newOpenface/mini/KadirTopbas/kad97.png
10,/home/hatice/PycharmProjects/newOpenface/mini/KadirTopbas/kad91.png
10,/home/hatice/PycharmProjects/newOpenface/mini/KadirTopbas/kad67.png
10,/home/hatice/PycharmProjects/newOpenface/mini/KadirTopbas/kad71.png
10,/home/hatice/PycharmProjects/newOpenface/mini/KadirTopbas/kad45.png
10,/home/hatice/PycharmProjects/newOpenface/mini/KadirTopbas/kad76.png
10,/home/hatice/PycharmProjects/newOpenface/mini/KadirTopbas/kad18.png
10,/home/hatice/PycharmProjects/newOpenface/mini/KadirTopbas/kad94.png
10,/home/hatice/PycharmProjects/newOpenface/mini/KadirTopbas/kad49.png
10,/home/hatice/PycharmProjects/newOpenface/mini/KadirTopbas/kad4.png
10,/home/hatice/PycharmProjects/newOpenface/mini/KadirTopbas/kad62.png
10,/home/hatice/PycharmProjects/newOpenface/mini/KadirTopbas/kad75.png
10,/home/hatice/PycharmProjects/newOpenface/mini/KadirTopbas/kad93.png
10,/home/hatice/PycharmProjects/newOpenface/mini/KadirTopbas/kad48.png
10,/home/hatice/PycharmProjects/newOpenface/mini/KadirTopbas/kad80.png
10,/home/hatice/PycharmProjects/newOpenface/mini/KadirTopbas/kad36.png
10,/home/hatice/PycharmProjects/newOpenface/mini/KadirTopbas/kad43.png
10,/home/hatice/PycharmProjects/newOpenface/mini/KadirTopbas/kad2.png
10,/home/hatice/PycharmProjects/newOpenface/mini/KadirTopbas/kad32.png
10,/home/hatice/PycharmProjects/newOpenface/mini/KadirTopbas/kad44.png
10,/home/hatice/PycharmProjects/newOpenface/mini/KadirTopbas/kad54.png
10,/home/hatice/PycharmProjects/newOpenface/mini/KadirTopbas/kad16.png
10,/home/hatice/PycharmProjects/newOpenface/mini/KadirTopbas/kad89.png
10,/home/hatice/PycharmProjects/newOpenface/mini/KadirTopbas/kad9.png
10,/home/hatice/PycharmProjects/newOpenface/mini/KadirTopbas/kad33.png
10,/home/hatice/PycharmProjects/newOpenface/mini/KadirTopbas/kad74.png
10,/home/hatice/PycharmProjects/newOpenface/mini/KadirTopbas/kad13.png
10,/home/hatice/PycharmProjects/newOpenface/mini/KadirTopbas/kad47.png
10,/home/hatice/PycharmProjects/newOpenface/mini/KadirTopbas/kad51.png
10,/home/hatice/PycharmProjects/newOpenface/mini/KadirTopbas/kad38.png
10,/home/hatice/PycharmProjects/newOpenface/mini/KadirTopbas/kad90.png
10,/home/hatice/PycharmProjects/newOpenface/mini/KadirTopbas/kad46.png
10,/home/hatice/PycharmProjects/newOpenface/mini/KadirTopbas/kad6.png
10,/home/hatice/PycharmProjects/newOpenface/mini/KadirTopbas/kad98.png
10,/home/hatice/PycharmProjects/newOpenface/mini/KadirTopbas/kad25.png
10,/home/hatice/PycharmProjects/newOpenface/mini/KadirTopbas/kad29.png
10,/home/hatice/PycharmProjects/newOpenface/mini/KadirTopbas/kad40.png
10,/home/hatice/PycharmProjects/newOpenface/mini/KadirTopbas/kad59.png
10,/home/hatice/PycharmProjects/newOpenface/mini/KadirTopbas/kad3.png
10,/home/hatice/PycharmProjects/newOpenface/mini/KadirTopbas/kad86.png
10,/home/hatice/PycharmProjects/newOpenface/mini/KadirTopbas/kad56.png
10,/home/hatice/PycharmProjects/newOpenface/mini/KadirTopbas/kad68.png
10,/home/hatice/PycharmProjects/newOpenface/mini/KadirTopbas/kad69.png
10,/home/hatice/PycharmProjects/newOpenface/mini/KadirTopbas/kad31.png
10,/home/hatice/PycharmProjects/newOpenface/mini/KadirTopbas/kad24.png
10,/home/hatice/PycharmProjects/newOpenface/mini/KadirTopbas/kad96.png
10,/home/hatice/PycharmProjects/newOpenface/mini/KadirTopbas/kad77.png
10,/home/hatice/PycharmProjects/newOpenface/mini/KadirTopbas/kad19.png
10,/home/hatice/PycharmProjects/newOpenface/mini/KadirTopbas/kad5.png
10,/home/hatice/PycharmProjects/newOpenface/mini/KadirTopbas/kad85.png
10,/home/hatice/PycharmProjects/newOpenface/mini/KadirTopbas/kad22.png
10,/home/hatice/PycharmProjects/newOpenface/mini/KadirTopbas/kad42.png
10,/home/hatice/PycharmProjects/newOpenface/mini/KadirTopbas/kad28.png
10,/home/hatice/PycharmProjects/newOpenface/mini/KadirTopbas/kad79.png
10,/home/hatice/PycharmProjects/newOpenface/mini/KadirTopbas/kad50.png
10,/home/hatice/PycharmProjects/newOpenface/mini/KadirTopbas/kad14.png
10,/home/hatice/PycharmProjects/newOpenface/mini/KadirTopbas/kad64.png
10,/home/hatice/PycharmProjects/newOpenface/mini/KadirTopbas/kad1.png
10,/home/hatice/PycharmProjects/newOpenface/mini/KadirTopbas/kad23.png
10,/home/hatice/PycharmProjects/newOpenface/mini/KadirTopbas/kad35.png
10,/home/hatice/PycharmProjects/newOpenface/mini/KadirTopbas/kad63.png
10,/home/hatice/PycharmProjects/newOpenface/mini/KadirTopbas/kad41.png
10,/home/hatice/PycharmProjects/newOpenface/mini/KadirTopbas/kad11.png
10,/home/hatice/PycharmProjects/newOpenface/mini/KadirTopbas/kad87.png
10,/home/hatice/PycharmProjects/newOpenface/mini/KadirTopbas/kad88.png
10,/home/hatice/PycharmProjects/newOpenface/mini/KadirTopbas/kad52.png
10,/home/hatice/PycharmProjects/newOpenface/mini/KadirTopbas/kad57.png
10,/home/hatice/PycharmProjects/newOpenface/mini/KadirTopbas/kad37.png
10,/home/hatice/PycharmProjects/newOpenface/mini/KadirTopbas/kad66.png
10,/home/hatice/PycharmProjects/newOpenface/mini/KadirTopbas/kad92.png
10,/home/hatice/PycharmProjects/newOpenface/mini/KadirTopbas/kad81.png
11,/home/hatice/PycharmProjects/newOpenface/mini/BinaliYildirim/bin31.png
11,/home/hatice/PycharmProjects/newOpenface/mini/BinaliYildirim/bin54.png
11,/home/hatice/PycharmProjects/newOpenface/mini/BinaliYildirim/bin42.png
11,/home/hatice/PycharmProjects/newOpenface/mini/BinaliYildirim/bin74.png
11,/home/hatice/PycharmProjects/newOpenface/mini/BinaliYildirim/bin1.png
11,/home/hatice/PycharmProjects/newOpenface/mini/BinaliYildirim/bin36.png
11,/home/hatice/PycharmProjects/newOpenface/mini/BinaliYildirim/bin3.png
11,/home/hatice/PycharmProjects/newOpenface/mini/BinaliYildirim/bin97.png
11,/home/hatice/PycharmProjects/newOpenface/mini/BinaliYildirim/bin77.png
11,/home/hatice/PycharmProjects/newOpenface/mini/BinaliYildirim/bin35.png
11,/home/hatice/PycharmProjects/newOpenface/mini/BinaliYildirim/bin49.png
11,/home/hatice/PycharmProjects/newOpenface/mini/BinaliYildirim/bin16.png
11,/home/hatice/PycharmProjects/newOpenface/mini/BinaliYildirim/bin63.png
11,/home/hatice/PycharmProjects/newOpenface/mini/BinaliYildirim/bin39.png
11,/home/hatice/PycharmProjects/newOpenface/mini/BinaliYildirim/bin4.png
11,/home/hatice/PycharmProjects/newOpenface/mini/BinaliYildirim/bin84.png
11,/home/hatice/PycharmProjects/newOpenface/mini/BinaliYildirim/bin86.png
11,/home/hatice/PycharmProjects/newOpenface/mini/BinaliYildirim/bin14.png
11,/home/hatice/PycharmProjects/newOpenface/mini/BinaliYildirim/bin94.png
11,/home/hatice/PycharmProjects/newOpenface/mini/BinaliYildirim/bin90.png
11,/home/hatice/PycharmProjects/newOpenface/mini/BinaliYildirim/bin13.png
11,/home/hatice/PycharmProjects/newOpenface/mini/BinaliYildirim/bin91.png
11,/home/hatice/PycharmProjects/newOpenface/mini/BinaliYildirim/bin65.png
11,/home/hatice/PycharmProjects/newOpenface/mini/BinaliYildirim/bin60.png
11,/home/hatice/PycharmProjects/newOpenface/mini/BinaliYildirim/bin48.png
11,/home/hatice/PycharmProjects/newOpenface/mini/BinaliYildirim/bin66.png
11,/home/hatice/PycharmProjects/newOpenface/mini/BinaliYildirim/bin19.png
11,/home/hatice/PycharmProjects/newOpenface/mini/BinaliYildirim/bin45.png
11,/home/hatice/PycharmProjects/newOpenface/mini/BinaliYildirim/bin9.png
11,/home/hatice/PycharmProjects/newOpenface/mini/BinaliYildirim/bin43.png
11,/home/hatice/PycharmProjects/newOpenface/mini/BinaliYildirim/bin25.png
11,/home/hatice/PycharmProjects/newOpenface/mini/BinaliYildirim/bin93.png
11,/home/hatice/PycharmProjects/newOpenface/mini/BinaliYildirim/bin85.png
11,/home/hatice/PycharmProjects/newOpenface/mini/BinaliYildirim/bin80.png
11,/home/hatice/PycharmProjects/newOpenface/mini/BinaliYildirim/bin50.png
11,/home/hatice/PycharmProjects/newOpenface/mini/BinaliYildirim/bin89.png
11,/home/hatice/PycharmProjects/newOpenface/mini/BinaliYildirim/bin99.png
11,/home/hatice/PycharmProjects/newOpenface/mini/BinaliYildirim/bin56.png
11,/home/hatice/PycharmProjects/newOpenface/mini/BinaliYildirim/bin17.png
11,/home/hatice/PycharmProjects/newOpenface/mini/BinaliYildirim/bin83.png
11,/home/hatice/PycharmProjects/newOpenface/mini/BinaliYildirim/bin71.png
11,/home/hatice/PycharmProjects/newOpenface/mini/BinaliYildirim/bin67.png
11,/home/hatice/PycharmProjects/newOpenface/mini/BinaliYildirim/bin72.png
11,/home/hatice/PycharmProjects/newOpenface/mini/BinaliYildirim/bin41.png
11,/home/hatice/PycharmProjects/newOpenface/mini/BinaliYildirim/bin27.png
11,/home/hatice/PycharmProjects/newOpenface/mini/BinaliYildirim/bin96.png
11,/home/hatice/PycharmProjects/newOpenface/mini/BinaliYildirim/bin73.png
11,/home/hatice/PycharmProjects/newOpenface/mini/BinaliYildirim/bin100.png
11,/home/hatice/PycharmProjects/newOpenface/mini/BinaliYildirim/bin21.png
11,/home/hatice/PycharmProjects/newOpenface/mini/BinaliYildirim/bin78.png
11,/home/hatice/PycharmProjects/newOpenface/mini/BinaliYildirim/bin7.png
11,/home/hatice/PycharmProjects/newOpenface/mini/BinaliYildirim/bin2.png
11,/home/hatice/PycharmProjects/newOpenface/mini/BinaliYildirim/bin53.png
11,/home/hatice/PycharmProjects/newOpenface/mini/BinaliYildirim/bin5.png
11,/home/hatice/PycharmProjects/newOpenface/mini/BinaliYildirim/bin12.png
11,/home/hatice/PycharmProjects/newOpenface/mini/BinaliYildirim/bin22.png
11,/home/hatice/PycharmProjects/newOpenface/mini/BinaliYildirim/bin92.png
11,/home/hatice/PycharmProjects/newOpenface/mini/BinaliYildirim/bin34.png
11,/home/hatice/PycharmProjects/newOpenface/mini/BinaliYildirim/bin58.png
11,/home/hatice/PycharmProjects/newOpenface/mini/BinaliYildirim/bin79.png
11,/home/hatice/PycharmProjects/newOpenface/mini/BinaliYildirim/bin37.png
11,/home/hatice/PycharmProjects/newOpenface/mini/BinaliYildirim/bin28.png
11,/home/hatice/PycharmProjects/newOpenface/mini/BinaliYildirim/bin62.png
11,/home/hatice/PycharmProjects/newOpenface/mini/BinaliYildirim/bin38.png
11,/home/hatice/PycharmProjects/newOpenface/mini/BinaliYildirim/bin8.png
11,/home/hatice/PycharmProjects/newOpenface/mini/BinaliYildirim/bin82.png
11,/home/hatice/PycharmProjects/newOpenface/mini/BinaliYildirim/bin87.png
11,/home/hatice/PycharmProjects/newOpenface/mini/BinaliYildirim/bin75.png
11,/home/hatice/PycharmProjects/newOpenface/mini/BinaliYildirim/bin69.png
11,/home/hatice/PycharmProjects/newOpenface/mini/BinaliYildirim/bin61.png
11,/home/hatice/PycharmProjects/newOpenface/mini/BinaliYildirim/bin59.png
11,/home/hatice/PycharmProjects/newOpenface/mini/BinaliYildirim/bin30.png
11,/home/hatice/PycharmProjects/newOpenface/mini/BinaliYildirim/bin52.png
11,/home/hatice/PycharmProjects/newOpenface/mini/BinaliYildirim/bin18.png
11,/home/hatice/PycharmProjects/newOpenface/mini/BinaliYildirim/bin11.png
11,/home/hatice/PycharmProjects/newOpenface/mini/BinaliYildirim/bin26.png
11,/home/hatice/PycharmProjects/newOpenface/mini/BinaliYildirim/bin57.png
11,/home/hatice/PycharmProjects/newOpenface/mini/BinaliYildirim/bin24.png
11,/home/hatice/PycharmProjects/newOpenface/mini/BinaliYildirim/bin76.png
11,/home/hatice/PycharmProjects/newOpenface/mini/BinaliYildirim/bin68.png
11,/home/hatice/PycharmProjects/newOpenface/mini/BinaliYildirim/bin20.png
11,/home/hatice/PycharmProjects/newOpenface/mini/BinaliYildirim/bin40.png
11,/home/hatice/PycharmProjects/newOpenface/mini/BinaliYildirim/bin95.png
11,/home/hatice/PycharmProjects/newOpenface/mini/BinaliYildirim/bin15.png
11,/home/hatice/PycharmProjects/newOpenface/mini/BinaliYildirim/bin55.png
11,/home/hatice/PycharmProjects/newOpenface/mini/BinaliYildirim/bin44.png
11,/home/hatice/PycharmProjects/newOpenface/mini/BinaliYildirim/bin10.png
11,/home/hatice/PycharmProjects/newOpenface/mini/BinaliYildirim/bin33.png
11,/home/hatice/PycharmProjects/newOpenface/mini/BinaliYildirim/bin46.png
11,/home/hatice/PycharmProjects/newOpenface/mini/BinaliYildirim/bin70.png
11,/home/hatice/PycharmProjects/newOpenface/mini/BinaliYildirim/bin6.png
11,/home/hatice/PycharmProjects/newOpenface/mini/BinaliYildirim/bin81.png
11,/home/hatice/PycharmProjects/newOpenface/mini/BinaliYildirim/bin32.png
11,/home/hatice/PycharmProjects/newOpenface/mini/BinaliYildirim/bin64.png
11,/home/hatice/PycharmProjects/newOpenface/mini/BinaliYildirim/bin47.png
11,/home/hatice/PycharmProjects/newOpenface/mini/BinaliYildirim/bin51.png
11,/home/hatice/PycharmProjects/newOpenface/mini/BinaliYildirim/bin29.png
11,/home/hatice/PycharmProjects/newOpenface/mini/BinaliYildirim/bin23.png
12,/home/hatice/PycharmProjects/newOpenface/mini/Trump/tru7.png
12,/home/hatice/PycharmProjects/newOpenface/mini/Trump/tru43.png
12,/home/hatice/PycharmProjects/newOpenface/mini/Trump/tru6.png
12,/home/hatice/PycharmProjects/newOpenface/mini/Trump/tru59.png
12,/home/hatice/PycharmProjects/newOpenface/mini/Trump/tru54.png
12,/home/hatice/PycharmProjects/newOpenface/mini/Trump/tru12.png
12,/home/hatice/PycharmProjects/newOpenface/mini/Trump/tru50.png
12,/home/hatice/PycharmProjects/newOpenface/mini/Trump/tru45.png
12,/home/hatice/PycharmProjects/newOpenface/mini/Trump/tru36.png
12,/home/hatice/PycharmProjects/newOpenface/mini/Trump/tru44.png
12,/home/hatice/PycharmProjects/newOpenface/mini/Trump/tru67.png
12,/home/hatice/PycharmProjects/newOpenface/mini/Trump/tru66.png
12,/home/hatice/PycharmProjects/newOpenface/mini/Trump/tru26.png
12,/home/hatice/PycharmProjects/newOpenface/mini/Trump/tru17.png
12,/home/hatice/PycharmProjects/newOpenface/mini/Trump/tru93.png
12,/home/hatice/PycharmProjects/newOpenface/mini/Trump/tru9.png
12,/home/hatice/PycharmProjects/newOpenface/mini/Trump/tru85.png
12,/home/hatice/PycharmProjects/newOpenface/mini/Trump/tru34.png
12,/home/hatice/PycharmProjects/newOpenface/mini/Trump/tru94.png
12,/home/hatice/PycharmProjects/newOpenface/mini/Trump/tru1.png
12,/home/hatice/PycharmProjects/newOpenface/mini/Trump/tru52.png
12,/home/hatice/PycharmProjects/newOpenface/mini/Trump/tru29.png
12,/home/hatice/PycharmProjects/newOpenface/mini/Trump/tru91.png
12,/home/hatice/PycharmProjects/newOpenface/mini/Trump/tru4.png
12,/home/hatice/PycharmProjects/newOpenface/mini/Trump/tru3.png
12,/home/hatice/PycharmProjects/newOpenface/mini/Trump/tru68.png
12,/home/hatice/PycharmProjects/newOpenface/mini/Trump/tru86.png
12,/home/hatice/PycharmProjects/newOpenface/mini/Trump/tru74.png
12,/home/hatice/PycharmProjects/newOpenface/mini/Trump/tru64.png
12,/home/hatice/PycharmProjects/newOpenface/mini/Trump/tru89.png
12,/home/hatice/PycharmProjects/newOpenface/mini/Trump/tru33.png
12,/home/hatice/PycharmProjects/newOpenface/mini/Trump/tru96.png
12,/home/hatice/PycharmProjects/newOpenface/mini/Trump/tru75.png
12,/home/hatice/PycharmProjects/newOpenface/mini/Trump/tru95.png
12,/home/hatice/PycharmProjects/newOpenface/mini/Trump/tru23.png
12,/home/hatice/PycharmProjects/newOpenface/mini/Trump/tru10.png
12,/home/hatice/PycharmProjects/newOpenface/mini/Trump/tru42.png
12,/home/hatice/PycharmProjects/newOpenface/mini/Trump/tru46.png
12,/home/hatice/PycharmProjects/newOpenface/mini/Trump/tru56.png
12,/home/hatice/PycharmProjects/newOpenface/mini/Trump/tru80.png
12,/home/hatice/PycharmProjects/newOpenface/mini/Trump/tru63.png
12,/home/hatice/PycharmProjects/newOpenface/mini/Trump/tru35.png
12,/home/hatice/PycharmProjects/newOpenface/mini/Trump/tru24.png
12,/home/hatice/PycharmProjects/newOpenface/mini/Trump/tru81.png
12,/home/hatice/PycharmProjects/newOpenface/mini/Trump/tru14.png
12,/home/hatice/PycharmProjects/newOpenface/mini/Trump/tru37.png
12,/home/hatice/PycharmProjects/newOpenface/mini/Trump/tru61.png
12,/home/hatice/PycharmProjects/newOpenface/mini/Trump/tru13.png
12,/home/hatice/PycharmProjects/newOpenface/mini/Trump/tru73.png
12,/home/hatice/PycharmProjects/newOpenface/mini/Trump/tru69.png
12,/home/hatice/PycharmProjects/newOpenface/mini/Trump/tru38.png
12,/home/hatice/PycharmProjects/newOpenface/mini/Trump/tru40.png
12,/home/hatice/PycharmProjects/newOpenface/mini/Trump/tru32.png
12,/home/hatice/PycharmProjects/newOpenface/mini/Trump/tru76.png
12,/home/hatice/PycharmProjects/newOpenface/mini/Trump/tru8.png
12,/home/hatice/PycharmProjects/newOpenface/mini/Trump/tru57.png
12,/home/hatice/PycharmProjects/newOpenface/mini/Trump/tru20.png
12,/home/hatice/PycharmProjects/newOpenface/mini/Trump/tru18.png
12,/home/hatice/PycharmProjects/newOpenface/mini/Trump/tru19.png
12,/home/hatice/PycharmProjects/newOpenface/mini/Trump/tru83.png
12,/home/hatice/PycharmProjects/newOpenface/mini/Trump/tru79.png
12,/home/hatice/PycharmProjects/newOpenface/mini/Trump/tru87.png
12,/home/hatice/PycharmProjects/newOpenface/mini/Trump/tru47.png
12,/home/hatice/PycharmProjects/newOpenface/mini/Trump/tru53.png
12,/home/hatice/PycharmProjects/newOpenface/mini/Trump/tru78.png
12,/home/hatice/PycharmProjects/newOpenface/mini/Trump/tru88.png
12,/home/hatice/PycharmProjects/newOpenface/mini/Trump/tru48.png
12,/home/hatice/PycharmProjects/newOpenface/mini/Trump/tru70.png
12,/home/hatice/PycharmProjects/newOpenface/mini/Trump/tru27.png
12,/home/hatice/PycharmProjects/newOpenface/mini/Trump/tru2.png
12,/home/hatice/PycharmProjects/newOpenface/mini/Trump/tru41.png
12,/home/hatice/PycharmProjects/newOpenface/mini/Trump/tru92.png
12,/home/hatice/PycharmProjects/newOpenface/mini/Trump/tru31.png
12,/home/hatice/PycharmProjects/newOpenface/mini/Trump/tru11.png
12,/home/hatice/PycharmProjects/newOpenface/mini/Trump/tru21.png
12,/home/hatice/PycharmProjects/newOpenface/mini/Trump/tru65.png
12,/home/hatice/PycharmProjects/newOpenface/mini/Trump/tru77.png
12,/home/hatice/PycharmProjects/newOpenface/mini/Trump/tru82.png
12,/home/hatice/PycharmProjects/newOpenface/mini/Trump/tru100.png
12,/home/hatice/PycharmProjects/newOpenface/mini/Trump/tru71.png
12,/home/hatice/PycharmProjects/newOpenface/mini/Trump/tru39.png
12,/home/hatice/PycharmProjects/newOpenface/mini/Trump/tru84.png
12,/home/hatice/PycharmProjects/newOpenface/mini/Trump/tru97.png
12,/home/hatice/PycharmProjects/newOpenface/mini/Trump/tru49.png
12,/home/hatice/PycharmProjects/newOpenface/mini/Trump/tru90.png
12,/home/hatice/PycharmProjects/newOpenface/mini/Trump/tru22.png
12,/home/hatice/PycharmProjects/newOpenface/mini/Trump/tru5.png
12,/home/hatice/PycharmProjects/newOpenface/mini/Trump/tru16.png
12,/home/hatice/PycharmProjects/newOpenface/mini/Trump/tru62.png
12,/home/hatice/PycharmProjects/newOpenface/mini/Trump/tru30.png
12,/home/hatice/PycharmProjects/newOpenface/mini/Trump/tru99.png
12,/home/hatice/PycharmProjects/newOpenface/mini/Trump/tru15.png
12,/home/hatice/PycharmProjects/newOpenface/mini/Trump/tru98.png
13,/home/hatice/PycharmProjects/newOpenface/mini/DoguPerincek/dogu11.png
13,/home/hatice/PycharmProjects/newOpenface/mini/DoguPerincek/dogu31.png
13,/home/hatice/PycharmProjects/newOpenface/mini/DoguPerincek/dogu100.png
13,/home/hatice/PycharmProjects/newOpenface/mini/DoguPerincek/dogu89.png
13,/home/hatice/PycharmProjects/newOpenface/mini/DoguPerincek/dogu6.png
13,/home/hatice/PycharmProjects/newOpenface/mini/DoguPerincek/dogu98.png
13,/home/hatice/PycharmProjects/newOpenface/mini/DoguPerincek/dogu57.png
13,/home/hatice/PycharmProjects/newOpenface/mini/DoguPerincek/dogu96.png
13,/home/hatice/PycharmProjects/newOpenface/mini/DoguPerincek/dogu53.png
13,/home/hatice/PycharmProjects/newOpenface/mini/DoguPerincek/dogu4.png
13,/home/hatice/PycharmProjects/newOpenface/mini/DoguPerincek/dogu71.png
13,/home/hatice/PycharmProjects/newOpenface/mini/DoguPerincek/dogu67.png
13,"/home/hatice/PycharmProjects/newOpenface/mini/DoguPerincek/dogu22,.png"
13,/home/hatice/PycharmProjects/newOpenface/mini/DoguPerincek/dogu58.png
13,/home/hatice/PycharmProjects/newOpenface/mini/DoguPerincek/dogu60.png
13,/home/hatice/PycharmProjects/newOpenface/mini/DoguPerincek/dogu81.png
13,/home/hatice/PycharmProjects/newOpenface/mini/DoguPerincek/dogu3.png
13,/home/hatice/PycharmProjects/newOpenface/mini/DoguPerincek/dogu9.png
13,/home/hatice/PycharmProjects/newOpenface/mini/DoguPerincek/dogu7.png
13,/home/hatice/PycharmProjects/newOpenface/mini/DoguPerincek/dogu70.png
13,/home/hatice/PycharmProjects/newOpenface/mini/DoguPerincek/dogu46.png
13,/home/hatice/PycharmProjects/newOpenface/mini/DoguPerincek/dogu30.png
13,/home/hatice/PycharmProjects/newOpenface/mini/DoguPerincek/dogu18.png
13,/home/hatice/PycharmProjects/newOpenface/mini/DoguPerincek/dogu47.png
13,/home/hatice/PycharmProjects/newOpenface/mini/DoguPerincek/dogu54.png
13,/home/hatice/PycharmProjects/newOpenface/mini/DoguPerincek/dogu52.png
13,/home/hatice/PycharmProjects/newOpenface/mini/DoguPerincek/dogu75.png
13,/home/hatice/PycharmProjects/newOpenface/mini/DoguPerincek/dogu80.png
13,/home/hatice/PycharmProjects/newOpenface/mini/DoguPerincek/dogu37.png
13,/home/hatice/PycharmProjects/newOpenface/mini/DoguPerincek/dogu94.png
13,/home/hatice/PycharmProjects/newOpenface/mini/DoguPerincek/dogu44.png
13,/home/hatice/PycharmProjects/newOpenface/mini/DoguPerincek/dogu77.png
13,/home/hatice/PycharmProjects/newOpenface/mini/DoguPerincek/dogu20.png
13,/home/hatice/PycharmProjects/newOpenface/mini/DoguPerincek/dogu88.png
13,/home/hatice/PycharmProjects/newOpenface/mini/DoguPerincek/dogu50.png
13,/home/hatice/PycharmProjects/newOpenface/mini/DoguPerincek/dogu99.png
13,/home/hatice/PycharmProjects/newOpenface/mini/DoguPerincek/dogu16.png
13,/home/hatice/PycharmProjects/newOpenface/mini/DoguPerincek/dogu8.png
13,/home/hatice/PycharmProjects/newOpenface/mini/DoguPerincek/dogu87.png
13,/home/hatice/PycharmProjects/newOpenface/mini/DoguPerincek/dogu93.png
13,/home/hatice/PycharmProjects/newOpenface/mini/DoguPerincek/dogu28.png
13,/home/hatice/PycharmProjects/newOpenface/mini/DoguPerincek/dogu33.png
13,/home/hatice/PycharmProjects/newOpenface/mini/DoguPerincek/dogu27.png
13,/home/hatice/PycharmProjects/newOpenface/mini/DoguPerincek/dogu85.png
13,/home/hatice/PycharmProjects/newOpenface/mini/DoguPerincek/dogu36.png
13,/home/hatice/PycharmProjects/newOpenface/mini/DoguPerincek/dogu86.png
13,/home/hatice/PycharmProjects/newOpenface/mini/DoguPerincek/dogu51.png
13,/home/hatice/PycharmProjects/newOpenface/mini/DoguPerincek/dogu95.png
13,/home/hatice/PycharmProjects/newOpenface/mini/DoguPerincek/dogu41.png
13,/home/hatice/PycharmProjects/newOpenface/mini/DoguPerincek/dogu43.png
13,/home/hatice/PycharmProjects/newOpenface/mini/DoguPerincek/dogu34.png
13,/home/hatice/PycharmProjects/newOpenface/mini/DoguPerincek/dogu24.png
13,/home/hatice/PycharmProjects/newOpenface/mini/DoguPerincek/dogu5.png
13,/home/hatice/PycharmProjects/newOpenface/mini/DoguPerincek/dogu13.png
13,/home/hatice/PycharmProjects/newOpenface/mini/DoguPerincek/dogu19.png
13,/home/hatice/PycharmProjects/newOpenface/mini/DoguPerincek/dogu76.png
13,/home/hatice/PycharmProjects/newOpenface/mini/DoguPerincek/dogu40.png
13,/home/hatice/PycharmProjects/newOpenface/mini/DoguPerincek/dogu59.png
13,/home/hatice/PycharmProjects/newOpenface/mini/DoguPerincek/dogu10.png
13,/home/hatice/PycharmProjects/newOpenface/mini/DoguPerincek/dogu84.png
13,/home/hatice/PycharmProjects/newOpenface/mini/DoguPerincek/dogu38.png
13,/home/hatice/PycharmProjects/newOpenface/mini/DoguPerincek/dogu97.png
13,/home/hatice/PycharmProjects/newOpenface/mini/DoguPerincek/dogu2.png
13,/home/hatice/PycharmProjects/newOpenface/mini/DoguPerincek/dogu62.png
13,/home/hatice/PycharmProjects/newOpenface/mini/DoguPerincek/dogu68.png
13,/home/hatice/PycharmProjects/newOpenface/mini/DoguPerincek/dogu82.png
13,/home/hatice/PycharmProjects/newOpenface/mini/DoguPerincek/dogu61.png
13,/home/hatice/PycharmProjects/newOpenface/mini/DoguPerincek/dogu66.png
13,/home/hatice/PycharmProjects/newOpenface/mini/DoguPerincek/dogu72.png
13,/home/hatice/PycharmProjects/newOpenface/mini/DoguPerincek/dogu39.png
13,/home/hatice/PycharmProjects/newOpenface/mini/DoguPerincek/dogu73.png
13,/home/hatice/PycharmProjects/newOpenface/mini/DoguPerincek/dogu23.png
13,/home/hatice/PycharmProjects/newOpenface/mini/DoguPerincek/dogu15.png
13,/home/hatice/PycharmProjects/newOpenface/mini/DoguPerincek/dogu29.png
13,/home/hatice/PycharmProjects/newOpenface/mini/DoguPerincek/dogu78.png
13,/home/hatice/PycharmProjects/newOpenface/mini/DoguPerincek/dogu74.png
13,/home/hatice/PycharmProjects/newOpenface/mini/DoguPerincek/dogu90.png
13,/home/hatice/PycharmProjects/newOpenface/mini/DoguPerincek/dogu35.png
13,/home/hatice/PycharmProjects/newOpenface/mini/DoguPerincek/dogu1.png
13,/home/hatice/PycharmProjects/newOpenface/mini/DoguPerincek/dogu63.png
13,/home/hatice/PycharmProjects/newOpenface/mini/DoguPerincek/dogu48.png
13,/home/hatice/PycharmProjects/newOpenface/mini/DoguPerincek/dogu26.png
13,/home/hatice/PycharmProjects/newOpenface/mini/DoguPerincek/dogu32.png
13,/home/hatice/PycharmProjects/newOpenface/mini/DoguPerincek/dogu14.png
13,/home/hatice/PycharmProjects/newOpenface/mini/DoguPerincek/dogu42.png
13,/home/hatice/PycharmProjects/newOpenface/mini/DoguPerincek/dogu21.png
13,/home/hatice/PycharmProjects/newOpenface/mini/DoguPerincek/dogu91.png
13,/home/hatice/PycharmProjects/newOpenface/mini/DoguPerincek/dogu45.png
13,/home/hatice/PycharmProjects/newOpenface/mini/DoguPerincek/dogu56.png
13,/home/hatice/PycharmProjects/newOpenface/mini/DoguPerincek/dogu92.png
13,/home/hatice/PycharmProjects/newOpenface/mini/DoguPerincek/dogu79.png
13,/home/hatice/PycharmProjects/newOpenface/mini/DoguPerincek/dogu55.png
13,/home/hatice/PycharmProjects/newOpenface/mini/DoguPerincek/dogu69.png
13,/home/hatice/PycharmProjects/newOpenface/mini/DoguPerincek/dogu12.png
13,/home/hatice/PycharmProjects/newOpenface/mini/DoguPerincek/dogu65.png
13,/home/hatice/PycharmProjects/newOpenface/mini/DoguPerincek/dogu49.png
13,/home/hatice/PycharmProjects/newOpenface/mini/DoguPerincek/dogu64.png
14,/home/hatice/PycharmProjects/newOpenface/mini/Merkel/mer46.png
14,/home/hatice/PycharmProjects/newOpenface/mini/Merkel/mer50.png
14,/home/hatice/PycharmProjects/newOpenface/mini/Merkel/mer12.png
14,/home/hatice/PycharmProjects/newOpenface/mini/Merkel/mer66.png
14,/home/hatice/PycharmProjects/newOpenface/mini/Merkel/mer92.png
14,/home/hatice/PycharmProjects/newOpenface/mini/Merkel/mer63.png
14,/home/hatice/PycharmProjects/newOpenface/mini/Merkel/mer1.png
14,/home/hatice/PycharmProjects/newOpenface/mini/Merkel/mer83.png
14,/home/hatice/PycharmProjects/newOpenface/mini/Merkel/mer73.png
14,/home/hatice/PycharmProjects/newOpenface/mini/Merkel/mer69.png
14,/home/hatice/PycharmProjects/newOpenface/mini/Merkel/mer31.png
14,/home/hatice/PycharmProjects/newOpenface/mini/Merkel/mer25.png
14,/home/hatice/PycharmProjects/newOpenface/mini/Merkel/mer97.png
14,/home/hatice/PycharmProjects/newOpenface/mini/Merkel/mer44.png
14,/home/hatice/PycharmProjects/newOpenface/mini/Merkel/mer13.png
14,/home/hatice/PycharmProjects/newOpenface/mini/Merkel/mer39.png
14,/home/hatice/PycharmProjects/newOpenface/mini/Merkel/mer24.png
14,/home/hatice/PycharmProjects/newOpenface/mini/Merkel/mer29.png
14,/home/hatice/PycharmProjects/newOpenface/mini/Merkel/mer9.png
14,/home/hatice/PycharmProjects/newOpenface/mini/Merkel/mer79.png
14,/home/hatice/PycharmProjects/newOpenface/mini/Merkel/mer100.png
14,/home/hatice/PycharmProjects/newOpenface/mini/Merkel/mer41.png
14,/home/hatice/PycharmProjects/newOpenface/mini/Merkel/mer78.png
14,/home/hatice/PycharmProjects/newOpenface/mini/Merkel/mer21.png
14,/home/hatice/PycharmProjects/newOpenface/mini/Merkel/mer89.png
14,/home/hatice/PycharmProjects/newOpenface/mini/Merkel/mer28.png
14,/home/hatice/PycharmProjects/newOpenface/mini/Merkel/mer34.png
14,/home/hatice/PycharmProjects/newOpenface/mini/Merkel/mer60.png
14,/home/hatice/PycharmProjects/newOpenface/mini/Merkel/mer32.png
14,/home/hatice/PycharmProjects/newOpenface/mini/Merkel/mer5.png
14,/home/hatice/PycharmProjects/newOpenface/mini/Merkel/mer71.png
14,/home/hatice/PycharmProjects/newOpenface/mini/Merkel/mer56.png
14,/home/hatice/PycharmProjects/newOpenface/mini/Merkel/mer2.png
14,/home/hatice/PycharmProjects/newOpenface/mini/Merkel/mer11.png
14,/home/hatice/PycharmProjects/newOpenface/mini/Merkel/mer77.png
14,/home/hatice/PycharmProjects/newOpenface/mini/Merkel/mer47.png
14,/home/hatice/PycharmProjects/newOpenface/mini/Merkel/mer33.png
14,/home/hatice/PycharmProjects/newOpenface/mini/Merkel/mer86.png
14,/home/hatice/PycharmProjects/newOpenface/mini/Merkel/mer10.png
14,/home/hatice/PycharmProjects/newOpenface/mini/Merkel/mer93.png
14,/home/hatice/PycharmProjects/newOpenface/mini/Merkel/mer6.png
14,/home/hatice/PycharmProjects/newOpenface/mini/Merkel/mer52.png
14,/home/hatice/PycharmProjects/newOpenface/mini/Merkel/mer37.png
14,/home/hatice/PycharmProjects/newOpenface/mini/Merkel/mer19.png
14,/home/hatice/PycharmProjects/newOpenface/mini/Merkel/mer58.png
14,/home/hatice/PycharmProjects/newOpenface/mini/Merkel/mer94.png
14,/home/hatice/PycharmProjects/newOpenface/mini/Merkel/mer82.png
14,/home/hatice/PycharmProjects/newOpenface/mini/Merkel/mer49.png
14,/home/hatice/PycharmProjects/newOpenface/mini/Merkel/mer51.png
14,/home/hatice/PycharmProjects/newOpenface/mini/Merkel/mer45.png
14,/home/hatice/PycharmProjects/newOpenface/mini/Merkel/mer42.png
14,/home/hatice/PycharmProjects/newOpenface/mini/Merkel/mer61.png
14,/home/hatice/PycharmProjects/newOpenface/mini/Merkel/mer7.png
14,/home/hatice/PycharmProjects/newOpenface/mini/Merkel/mer27.png
14,/home/hatice/PycharmProjects/newOpenface/mini/Merkel/mer64.png
14,/home/hatice/PycharmProjects/newOpenface/mini/Merkel/mer59.png
14,/home/hatice/PycharmProjects/newOpenface/mini/Merkel/mer99.png
14,/home/hatice/PycharmProjects/newOpenface/mini/Merkel/mer65.png
14,/home/hatice/PycharmProjects/newOpenface/mini/Merkel/mer80.png
14,/home/hatice/PycharmProjects/newOpenface/mini/Merkel/mer76.png
14,/home/hatice/PycharmProjects/newOpenface/mini/Merkel/mer23.png
14,/home/hatice/PycharmProjects/newOpenface/mini/Merkel/mer38.png
14,/home/hatice/PycharmProjects/newOpenface/mini/Merkel/mer53.png
14,/home/hatice/PycharmProjects/newOpenface/mini/Merkel/mer88.png
14,/home/hatice/PycharmProjects/newOpenface/mini/Merkel/mer18.png
14,/home/hatice/PycharmProjects/newOpenface/mini/Merkel/mer68.png
14,/home/hatice/PycharmProjects/newOpenface/mini/Merkel/mer3.png
14,/home/hatice/PycharmProjects/newOpenface/mini/Merkel/mer4.png
14,/home/hatice/PycharmProjects/newOpenface/mini/Merkel/mer62.png
14,/home/hatice/PycharmProjects/newOpenface/mini/Merkel/mer35.png
14,/home/hatice/PycharmProjects/newOpenface/mini/Merkel/mer43.png
14,/home/hatice/PycharmProjects/newOpenface/mini/Merkel/mer75.png
14,/home/hatice/PycharmProjects/newOpenface/mini/Merkel/mer14.png
14,/home/hatice/PycharmProjects/newOpenface/mini/Merkel/mer8.png
14,/home/hatice/PycharmProjects/newOpenface/mini/Merkel/mer15.png
14,/home/hatice/PycharmProjects/newOpenface/mini/Merkel/mer48.png
14,/home/hatice/PycharmProjects/newOpenface/mini/Merkel/mer91.png
14,/home/hatice/PycharmProjects/newOpenface/mini/Merkel/mer55.png
14,/home/hatice/PycharmProjects/newOpenface/mini/Merkel/mer85.png
14,/home/hatice/PycharmProjects/newOpenface/mini/Merkel/mer30.png
14,/home/hatice/PycharmProjects/newOpenface/mini/Merkel/mer36.png
14,/home/hatice/PycharmProjects/newOpenface/mini/Merkel/mer57.png
14,/home/hatice/PycharmProjects/newOpenface/mini/Merkel/mer95.png
14,/home/hatice/PycharmProjects/newOpenface/mini/Merkel/mer22.png
14,/home/hatice/PycharmProjects/newOpenface/mini/Merkel/mer40.png
14,/home/hatice/PycharmProjects/newOpenface/mini/Merkel/mer20.png
14,/home/hatice/PycharmProjects/newOpenface/mini/Merkel/mer87.png
14,/home/hatice/PycharmProjects/newOpenface/mini/Merkel/mer90.png
14,/home/hatice/PycharmProjects/newOpenface/mini/Merkel/mer84.png
14,/home/hatice/PycharmProjects/newOpenface/mini/Merkel/mer96.png
14,/home/hatice/PycharmProjects/newOpenface/mini/Merkel/mer26.png
14,/home/hatice/PycharmProjects/newOpenface/mini/Merkel/mer72.png
14,/home/hatice/PycharmProjects/newOpenface/mini/Merkel/mer70.png
14,/home/hatice/PycharmProjects/newOpenface/mini/Merkel/mer98.png
14,/home/hatice/PycharmProjects/newOpenface/mini/Merkel/mer81.png
14,/home/hatice/PycharmProjects/newOpenface/mini/Merkel/mer17.png
14,/home/hatice/PycharmProjects/newOpenface/mini/Merkel/mer74.png
14,/home/hatice/PycharmProjects/newOpenface/mini/Merkel/mer67.png
15,/home/hatice/PycharmProjects/newOpenface/mini/Bahceli/deb20.png
15,/home/hatice/PycharmProjects/newOpenface/mini/Bahceli/deb57.png
15,/home/hatice/PycharmProjects/newOpenface/mini/Bahceli/deb40.png
15,/home/hatice/PycharmProjects/newOpenface/mini/Bahceli/deb92.png
15,/home/hatice/PycharmProjects/newOpenface/mini/Bahceli/deb11.png
15,/home/hatice/PycharmProjects/newOpenface/mini/Bahceli/deb5.png
15,/home/hatice/PycharmProjects/newOpenface/mini/Bahceli/deb45.png
15,/home/hatice/PycharmProjects/newOpenface/mini/Bahceli/deb97.png
15,/home/hatice/PycharmProjects/newOpenface/mini/Bahceli/deb80.png
15,/home/hatice/PycharmProjects/newOpenface/mini/Bahceli/deb48.png
15,/home/hatice/PycharmProjects/newOpenface/mini/Bahceli/deb87.png
15,/home/hatice/PycharmProjects/newOpenface/mini/Bahceli/deb77.png
15,/home/hatice/PycharmProjects/newOpenface/mini/Bahceli/deb69.png
15,/home/hatice/PycharmProjects/newOpenface/mini/Bahceli/deb72.png
15,/home/hatice/PycharmProjects/newOpenface/mini/Bahceli/deb22.png
15,/home/hatice/PycharmProjects/newOpenface/mini/Bahceli/deb82.png
15,/home/hatice/PycharmProjects/newOpenface/mini/Bahceli/deb37.png
15,/home/hatice/PycharmProjects/newOpenface/mini/Bahceli/deb90.png
15,/home/hatice/PycharmProjects/newOpenface/mini/Bahceli/deb75.png
15,/home/hatice/PycharmProjects/newOpenface/mini/Bahceli/deb38.png
15,/home/hatice/PycharmProjects/newOpenface/mini/Bahceli/deb68.png
15,/home/hatice/PycharmProjects/newOpenface/mini/Bahceli/deb4.png
15,/home/hatice/PycharmProjects/newOpenface/mini/Bahceli/deb42.png
15,/home/hatice/PycharmProjects/newOpenface/mini/Bahceli/deb83.png
15,/home/hatice/PycharmProjects/newOpenface/mini/Bahceli/deb71.png
15,/home/hatice/PycharmProjects/newOpenface/mini/Bahceli/deb96.png
15,/home/hatice/PycharmProjects/newOpenface/mini/Bahceli/deb12.png
15,/home/hatice/PycharmProjects/newOpenface/mini/Bahceli/deb47.png
15,/home/hatice/PycharmProjects/newOpenface/mini/Bahceli/deb76.png
15,/home/hatice/PycharmProjects/newOpenface/mini/Bahceli/deb10.png
15,/home/hatice/PycharmProjects/newOpenface/mini/Bahceli/deb98.png
15,/home/hatice/PycharmProjects/newOpenface/mini/Bahceli/deb94.png
15,/home/hatice/PycharmProjects/newOpenface/mini/Bahceli/deb89.png
15,/home/hatice/PycharmProjects/newOpenface/mini/Bahceli/deb60.png
15,/home/hatice/PycharmProjects/newOpenface/mini/Bahceli/deb99.png
15,/home/hatice/PycharmProjects/newOpenface/mini/Bahceli/deb41.png
15,/home/hatice/PycharmProjects/newOpenface/mini/Bahceli/deb46.png
15,/home/hatice/PycharmProjects/newOpenface/mini/Bahceli/deb27.png
15,/home/hatice/PycharmProjects/newOpenface/mini/Bahceli/deb32.png
15,/home/hatice/PycharmProjects/newOpenface/mini/Bahceli/deb34.png
15,/home/hatice/PycharmProjects/newOpenface/mini/Bahceli/deb15.png
15,/home/hatice/PycharmProjects/newOpenface/mini/Bahceli/deb24.png
15,/home/hatice/PycharmProjects/newOpenface/mini/Bahceli/deb73.png
15,/home/hatice/PycharmProjects/newOpenface/mini/Bahceli/deb78.png
15,/home/hatice/PycharmProjects/newOpenface/mini/Bahceli/deb93.png
15,/home/hatice/PycharmProjects/newOpenface/mini/Bahceli/deb67.png
15,/home/hatice/PycharmProjects/newOpenface/mini/Bahceli/deb3.png
15,/home/hatice/PycharmProjects/newOpenface/mini/Bahceli/deb9.png
15,/home/hatice/PycharmProjects/newOpenface/mini/Bahceli/deb26.png
15,/home/hatice/PycharmProjects/newOpenface/mini/Bahceli/deb55.png
15,/home/hatice/PycharmProjects/newOpenface/mini/Bahceli/deb18.png
15,/home/hatice/PycharmProjects/newOpenface/mini/Bahceli/deb52.png
15,/home/hatice/PycharmProjects/newOpenface/mini/Bahceli/deb43.png
15,/home/hatice/PycharmProjects/newOpenface/mini/Bahceli/deb49.png
15,/home/hatice/PycharmProjects/newOpenface/mini/Bahceli/deb36.png
15,/home/hatice/PycharmProjects/newOpenface/mini/Bahceli/deb21.png
15,/home/hatice/PycharmProjects/newOpenface/mini/Bahceli/deb84.png
15,/home/hatice/PycharmProjects/newOpenface/mini/Bahceli/deb7.png
15,/home/hatice/PycharmProjects/newOpenface/mini/Bahceli/deb44.png
15,/home/hatice/PycharmProjects/newOpenface/mini/Bahceli/deb30.png
15,/home/hatice/PycharmProjects/newOpenface/mini/Bahceli/deb39.png
15,/home/hatice/PycharmProjects/newOpenface/mini/Bahceli/deb70.png
15,/home/hatice/PycharmProjects/newOpenface/mini/Bahceli/deb63.png
15,/home/hatice/PycharmProjects/newOpenface/mini/Bahceli/deb14.png
15,/home/hatice/PycharmProjects/newOpenface/mini/Bahceli/deb56.png
15,/home/hatice/PycharmProjects/newOpenface/mini/Bahceli/deb50.png
15,/home/hatice/PycharmProjects/newOpenface/mini/Bahceli/deb2.png
15,/home/hatice/PycharmProjects/newOpenface/mini/Bahceli/deb66.png
15,/home/hatice/PycharmProjects/newOpenface/mini/Bahceli/deb64.png
15,/home/hatice/PycharmProjects/newOpenface/mini/Bahceli/deb16.png
15,/home/hatice/PycharmProjects/newOpenface/mini/Bahceli/deb33.png
15,/home/hatice/PycharmProjects/newOpenface/mini/Bahceli/deb6.png
15,/home/hatice/PycharmProjects/newOpenface/mini/Bahceli/deb61.png
15,/home/hatice/PycharmProjects/newOpenface/mini/Bahceli/deb19.png
15,/home/hatice/PycharmProjects/newOpenface/mini/Bahceli/deb100.png
15,/home/hatice/PycharmProjects/newOpenface/mini/Bahceli/deb1.png
15,/home/hatice/PycharmProjects/newOpenface/mini/Bahceli/deb81.png
15,/home/hatice/PycharmProjects/newOpenface/mini/Bahceli/deb25.png
15,/home/hatice/PycharmProjects/newOpenface/mini/Bahceli/deb31.png
15,/home/hatice/PycharmProjects/newOpenface/mini/Bahceli/deb13.png
15,/home/hatice/PycharmProjects/newOpenface/mini/Bahceli/deb86.png
15,/home/hatice/PycharmProjects/newOpenface/mini/Bahceli/deb95.png
15,/home/hatice/PycharmProjects/newOpenface/mini/Bahceli/deb23.png
15,/home/hatice/PycharmProjects/newOpenface/mini/Bahceli/deb88.png
15,/home/hatice/PycharmProjects/newOpenface/mini/Bahceli/deb59.png
15,/home/hatice/PycharmProjects/newOpenface/mini/Bahceli/deb85.png
15,/home/hatice/PycharmProjects/newOpenface/mini/Bahceli/deb91.png
15,/home/hatice/PycharmProjects/newOpenface/mini/Bahceli/deb62.png
15,/home/hatice/PycharmProjects/newOpenface/mini/Bahceli/deb51.png
15,/home/hatice/PycharmProjects/newOpenface/mini/Bahceli/deb35.png
15,/home/hatice/PycharmProjects/newOpenface/mini/Bahceli/deb8.png
15,/home/hatice/PycharmProjects/newOpenface/mini/Bahceli/deb74.png
15,/home/hatice/PycharmProjects/newOpenface/mini/Bahceli/deb53.png
15,/home/hatice/PycharmProjects/newOpenface/mini/Bahceli/deb17.png
15,/home/hatice/PycharmProjects/newOpenface/mini/Bahceli/deb58.png
15,/home/hatice/PycharmProjects/newOpenface/mini/Bahceli/deb79.png
15,/home/hatice/PycharmProjects/newOpenface/mini/Bahceli/deb65.png
15,/home/hatice/PycharmProjects/newOpenface/mini/Bahceli/deb29.png
